orderId,symbol,mode,qty,price,value,avgCost,realizedPnl,createdAt
1787833426455-cd95b74a0c545,ONGC,BUY,6,117.86,707.16,117.53,0,2026-08-27T12:23:46.455Z
1787833426455-3d0904bcdc637,KPITTECH,BUY,9,265.34,2388.06,264.44,0,2026-08-27T12:23:46.455Z
1787833426455-dd3ae56c7ed13,ITC,BUY,3,199.79,599.37,202.08,0,2026-08-27T12:23:46.455Z
1787833426455-a629e37911d3f8,TATAPOWER,BUY,10,125.12,1251.2,124.9,0,2026-08-27T12:23:46.455Z
1787833426455-17536ccfc7dfc8,ITC,BUY,19,199.36,3787.84,202.11,0,2026-08-27T12:23:46.455Z
1787833426455-72fb0eb57c8db8,HINDUNILVR,BUY,3,2431.63,7294.89,2438.24,0,2026-08-27T12:23:46.455Z
1787833426455-fc44d9ccabe878,TATAPOWER,SELL,19,125.51,2384.69,124.89,11.78,2026-08-27T12:23:46.455Z
1787833426455-74e6012d3e0068,TATAPOWER,BUY,9,125.75,1131.75,124.89,0,2026-08-27T12:23:46.455Z
1787833426455-55e72e9caa3d88,JUBLFOOD,BUY,5,2978.09,14890.45,2991.29,0,2026-08-27T12:23:46.455Z
1787833426455-9bca2b8de42d88,INFY,SELL,12,1527.37,18328.44,1531.93,-54.72,2026-08-27T12:23:46.455Z
1787833426455-6670a4bc12978,EVEREADY,BUY,7,330.45,2313.15,326.95,0,2026-08-27T12:23:46.455Z
1787833426455-45cf4d0483274,SBIN,BUY,20,446.97,8939.4,443.99,0,2026-08-27T12:23:46.455Z
1787833426455-e4f9b397accfe8,SGBMAY29,BUY,3,4684.61,14053.83,4702.32,0,2026-08-27T12:23:46.455Z
1787833426455-f0e1839e51bb48,TCS,BUY,6,3237.01,19422.06,3230.36,0,2026-08-27T12:23:46.455Z
1787833426454-78c6ee9559d968,HINDUNILVR,SELL,12,2451.81,29421.72,2438.49,159.84,2026-08-27T12:23:46.454Z
1787833426454-f6d02fea281458,TCS,BUY,12,3229.83,38757.96,3229.75,0,2026-08-27T12:23:46.454Z
1787833426454-49d0a5f4c09dc,INFY,BUY,19,1531.68,29101.92,1531.93,0,2026-08-27T12:23:46.454Z
1787833426454-b739ed8fe2f0d,EVEREADY,BUY,8,328.69,2629.52,326.83,0,2026-08-27T12:23:46.454Z
1787833426454-c3242303382a78,SGBMAY29,BUY,1,4681.85,4681.85,4702.57,0,2026-08-27T12:23:46.454Z
1787833426454-2496cc65d78ff8,QUICKHEAL,BUY,11,316.68,3483.48,314.94,0,2026-08-27T12:23:46.454Z
1787833426454-9219db79acdef,QUICKHEAL,BUY,8,314.87,2518.96,314.85,0,2026-08-27T12:23:46.454Z
1787833426454-2c4f27bbecd57,ITC,SELL,6,200.48,1202.88,202.34,-11.16,2026-08-27T12:23:46.454Z
1787833426454-947dc5fac41418,INFY,SELL,20,1527.7,30554,1532.05,-87,2026-08-27T12:23:46.454Z
1787833426454-eb887527280e18,HINDUNILVR,BUY,7,2449.22,17144.54,2438.49,0,2026-08-27T12:23:46.454Z
1787833426454-3a28612335a318,BHARTIARTL,SELL,1,563,563,559.32,3.68,2026-08-27T12:23:46.454Z
1787833426454-0a5c746130e74,HINDUNILVR,BUY,7,2446.66,17126.62,2437.62,0,2026-08-27T12:23:46.454Z
1787833426454-2a42f3427a51c,ITC,BUY,16,199.51,3192.16,202.34,0,2026-08-27T12:23:46.454Z
1787833426454-36450c57105ab8,SGBMAY29,BUY,2,4676.7,9353.4,4702.67,0,2026-08-27T12:23:46.454Z
1787833426454-3f6d6a5c16e9c,RELIANCE,BUY,9,2024.95,18224.55,2016.65,0,2026-08-27T12:23:46.454Z
1787833426454-59dc1a3150597,BHARTIARTL,BUY,7,562.94,3940.58,559.32,0,2026-08-27T12:23:46.454Z
1787833426454-2812568ca5ebf8,HDFCBANK,BUY,7,1521.32,10649.24,1516.71,0,2026-08-27T12:23:46.454Z
1787833426454-6506ec2b4455b,M&M,BUY,7,806.22,5643.54,797.04,0,2026-08-27T12:23:46.454Z
1787833426454-826bb8633bde2,TATAPOWER,SELL,10,125.37,1253.7,124.86,5.1,2026-08-27T12:23:46.454Z
1787833426454-9eb522e3df3838,RELIANCE,SELL,4,2023.27,8093.08,2016.14,28.52,2026-08-27T12:23:46.454Z
1787833426454-841c52348e107,ITC,SELL,7,199.73,1398.11,202.55,-19.74,2026-08-27T12:23:46.454Z
1787833426454-234b949091bfc,M&M,BUY,6,807.54,4845.24,796.82,0,2026-08-27T12:23:46.454Z
1787833426454-c171f65d4f8d,HINDUNILVR,SELL,6,2441.97,14651.82,2436.82,30.9,2026-08-27T12:23:46.454Z
1787833426454-16e8769991b69,M&M,BUY,4,807.54,3230.16,796.59,0,2026-08-27T12:23:46.454Z
1787833426453-baf2d7002d05c8,TCS,SELL,17,3226.49,54850.33,3229.73,-55.08,2026-08-27T12:23:46.453Z
1787833426453-5d0915e7a1fd78,M&M,BUY,18,813.58,14644.44,796.43,0,2026-08-27T12:23:46.453Z
1787833426453-ca0d2a3dbb96f8,QUICKHEAL,BUY,12,316.5,3798,314.85,0,2026-08-27T12:23:46.453Z
1787833426453-daf6140385238,ITC,BUY,15,199.4,2991,202.55,0,2026-08-27T12:23:46.453Z
1787833426453-10c77c8fc16d5,EVEREADY,BUY,9,327.54,2947.86,326.75,0,2026-08-27T12:23:46.453Z
1787833426453-fcb7462744d18,EVEREADY,BUY,11,327.7,3604.7,326.71,0,2026-08-27T12:23:46.453Z
1787833426453-cf8cc61c0aced,SBIN,BUY,12,447.3,5367.6,443.59,0,2026-08-27T12:23:46.453Z
1787833426453-d02be6726c0ab,EVEREADY,BUY,18,328.25,5908.5,326.65,0,2026-08-27T12:23:46.453Z
1787833426453-40bc6029dd273,TCS,BUY,5,3253.61,16268.05,3229.73,0,2026-08-27T12:23:46.453Z
1787833426453-5e9ab9a1017ed8,INFY,SELL,8,1528.74,12229.92,1532.05,-26.48,2026-08-27T12:23:46.453Z
1787833426453-7d36807d40a4e8,ONGC,BUY,2,117.76,235.52,117.51,0,2026-08-27T12:23:46.453Z
1787833426453-567713479488f,TATAPOWER,BUY,13,125.52,1631.76,124.86,0,2026-08-27T12:23:46.453Z
1787833426453-0b2a9acef733e8,WIPRO,SELL,12,595.87,7150.44,595.29,6.96,2026-08-27T12:23:46.453Z
1787833426453-ae7bafab4ab88,SGBMAY29,SELL,13,4668.28,60687.64,4702.92,-450.32,2026-08-27T12:23:46.453Z
1787833426453-90a6fc1f5218a,ITC,SELL,4,199.65,798.6,202.78,-12.52,2026-08-27T12:23:46.453Z
1787833426453-65f68c304bc1,TCS,SELL,17,3252.02,55284.34,3227.92,409.7,2026-08-27T12:23:46.453Z
1787833426453-c726ce5ae2bc68,ITC,SELL,2,199.23,398.46,202.78,-7.1,2026-08-27T12:23:46.453Z
1787833426453-086437e4e04ef8,EVEREADY,BUY,19,328.25,6236.75,326.46,0,2026-08-27T12:23:46.453Z
1787833426453-0a12e6b81a0ec8,EVEREADY,SELL,20,328.8,6576,326.2,52,2026-08-27T12:23:46.453Z
1787833426453-bb7308aa0599f,JUBLFOOD,BUY,15,2967.76,44516.4,2991.58,0,2026-08-27T12:23:46.453Z
1787833426453-916fec7ff1f49,QUICKHEAL,BUY,17,316.3,5377.1,314.75,0,2026-08-27T12:23:46.453Z
1787833426453-2fbe155cf4c58,WIPRO,BUY,12,596.22,7154.64,595.29,0,2026-08-27T12:23:46.453Z
1787833426453-2b944331ba7528,KPITTECH,BUY,20,263.69,5273.8,264.39,0,2026-08-27T12:23:46.453Z
1787833426453-c348543aa4b538,WIPRO,BUY,15,596.84,8952.6,595.24,0,2026-08-27T12:23:46.453Z
1787833426453-2254915ea1cc58,WIPRO,BUY,16,599.77,9596.32,595.12,0,2026-08-27T12:23:46.453Z
1787833426453-0811d94ebf194,RELIANCE,SELL,6,2022.68,12136.08,2016.14,39.24,2026-08-27T12:23:46.453Z
1787833426453-d198e8ec948eb8,RELIANCE,BUY,19,2009.28,38176.32,2016.14,0,2026-08-27T12:23:46.453Z
1787833426453-3c4f5435a724c,TCS,BUY,5,3224.25,16121.25,3227.92,0,2026-08-27T12:23:46.453Z
1787833426452-5ace40011825b,SBIN,BUY,4,449.65,1798.6,443.26,0,2026-08-27T12:23:46.452Z
1787833426452-6b02342d15d6a,KPITTECH,BUY,20,263.47,5269.4,264.49,0,2026-08-27T12:23:46.452Z
1787833426452-a5170e2849ed18,BHARTIARTL,BUY,14,564.53,7903.42,559.15,0,2026-08-27T12:23:46.452Z
1787833426452-1f38a4e2f43cf8,KPITTECH,SELL,19,265.8,5050.2,264.67,21.47,2026-08-27T12:23:46.452Z
1787833426452-239dffd2a8d438,QUICKHEAL,BUY,6,315.75,1894.5,314.6,0,2026-08-27T12:23:46.452Z
1787833426452-1b85e5178133b,M&M,BUY,11,813.56,8949.16,795.26,0,2026-08-27T12:23:46.452Z
1787833426452-28ab23c346831,WIPRO,SELL,1,597.06,597.06,594.73,2.33,2026-08-27T12:23:46.452Z
1787833426452-5fe068ffbe687,QUICKHEAL,SELL,12,316.66,3799.92,314.56,25.2,2026-08-27T12:23:46.452Z
1787833426452-79871bf0dfdf58,TCS,SELL,7,3249.38,22745.66,3228.15,148.61,2026-08-27T12:23:46.452Z
1787833426452-01feba241e4e6,QUICKHEAL,SELL,15,315.33,4729.95,314.56,11.55,2026-08-27T12:23:46.452Z
1787833426452-d8be1ae96ca248,M&M,BUY,15,812.67,12190.05,794.46,0,2026-08-27T12:23:46.452Z
1787833426452-57bca2b5e42e08,KPITTECH,SELL,17,264,4488,264.67,-11.39,2026-08-27T12:23:46.452Z
1787833426452-a26a77da1a4af8,INFY,SELL,19,1523.44,28945.36,1532.05,-163.59,2026-08-27T12:23:46.452Z
1787833426452-a2240d6a6ca7f,SBIN,SELL,20,449.78,8995.6,443.07,134.2,2026-08-27T12:23:46.452Z
1787833426452-e4fbf5933e5,JUBLFOOD,BUY,7,2981.9,20873.3,2993.26,0,2026-08-27T12:23:46.452Z
1787833426452-2395563b4688d,EVEREADY,BUY,6,327.96,1967.76,326.2,0,2026-08-27T12:23:46.452Z
1787833426452-b422dd05e9b758,SBIN,BUY,8,447.44,3579.52,443.07,0,2026-08-27T12:23:46.452Z
1787833426452-f8badf39f8a1e,ONGC,BUY,3,117.88,353.64,117.5,0,2026-08-27T12:23:46.452Z
1787833426451-e289f60630da,RELIANCE,BUY,8,2012.74,16101.92,2017.1,0,2026-08-27T12:23:46.451Z
1787833426451-21315e139d9b5,TATAPOWER,BUY,6,125.43,752.58,124.83,0,2026-08-27T12:23:46.451Z
1787833426451-57bf2ba4f37988,RELIANCE,SELL,3,2023.55,6070.65,2017.37,18.54,2026-08-27T12:23:46.451Z
1787833426451-bc42aecf8eec28,INFY,SELL,10,1523.81,15238.1,1532.05,-82.4,2026-08-27T12:23:46.451Z
1787833426451-8485aa68084db8,SGBMAY29,BUY,3,4702.2,14106.6,4702.92,0,2026-08-27T12:23:46.451Z
1787833426451-e268c6b7b07518,RELIANCE,BUY,13,2016.28,26211.64,2017.37,0,2026-08-27T12:23:46.451Z
1787833426451-efd543a9acb93,EVEREADY,SELL,13,329.88,4288.44,326.13,48.75,2026-08-27T12:23:46.451Z
1787833426451-4af69e9fd87868,M&M,BUY,10,810.88,8108.8,793.31,0,2026-08-27T12:23:46.451Z
1787833426451-7acae8cc85c0f,WIPRO,SELL,17,600.91,10215.47,594.73,105.06,2026-08-27T12:23:46.451Z
1787833426451-bdd6c68f83bbe,HDFCBANK,BUY,17,1515.39,25761.63,1516.49,0,2026-08-27T12:23:46.451Z
1787833426451-60cb72dacff,TATAPOWER,BUY,12,124.93,1499.16,124.81,0,2026-08-27T12:23:46.451Z
1787833426451-78c9f7b74b436,TATAPOWER,BUY,19,125.52,2384.88,124.8,0,2026-08-27T12:23:46.451Z
1787833426451-251a5adc34b628,KPITTECH,BUY,4,264.38,1057.52,264.67,0,2026-08-27T12:23:46.451Z
1787833426451-960143e6168938,WIPRO,BUY,5,599.82,2999.1,594.73,0,2026-08-27T12:23:46.451Z
1787833426451-eb5d121d035c48,WIPRO,SELL,4,601.17,2404.68,594.6,26.28,2026-08-27T12:23:46.451Z
1787833426451-f7e61dadf2fd58,HDFCBANK,SELL,19,1520.11,28882.09,1516.64,65.93,2026-08-27T12:23:46.451Z
1787833426451-c1807c7c52f8d8,ONGC,BUY,14,117.72,1648.08,117.49,0,2026-08-27T12:23:46.451Z
1787833426451-e56f7e949a1a9,EVEREADY,BUY,19,330.69,6283.11,326.13,0,2026-08-27T12:23:46.451Z
1787833426451-7237bbc0c1c408,HINDUNILVR,BUY,17,2437.55,41438.35,2436.82,0,2026-08-27T12:23:46.451Z
1787833426451-863bc78fb1aa28,HDFCBANK,BUY,8,1514.23,12113.84,1516.64,0,2026-08-27T12:23:46.451Z
1787833426451-20fc6ec0367728,TCS,BUY,6,3250.97,19505.82,3228.15,0,2026-08-27T12:23:46.451Z
1787833426451-b36cbddf1f8d2,M&M,SELL,15,809.16,12137.4,792.54,249.3,2026-08-27T12:23:46.451Z
1787833426451-7635388a2f2d18,ITC,SELL,14,199.53,2793.42,202.78,-45.5,2026-08-27T12:23:46.451Z
1787833426451-3bb88976c9f5a,HINDUNILVR,SELL,9,2441.66,21974.94,2436.64,45.18,2026-08-27T12:23:46.451Z
1787833426451-382ca30ff9bbf,SGBMAY29,BUY,16,4701.48,75223.68,4702.93,0,2026-08-27T12:23:46.451Z
1787833426451-a8aceefbb75118,QUICKHEAL,SELL,9,314.63,2831.67,314.56,0.63,2026-08-27T12:23:46.451Z
1787833426451-5958c134eea8f8,HINDUNILVR,BUY,11,2436.43,26800.73,2436.64,0,2026-08-27T12:23:46.451Z
1787833426451-7b345aca946cc,TATAPOWER,BUY,7,125.52,878.64,124.73,0,2026-08-27T12:23:46.451Z
1787833426451-15e1430ca19448,HDFCBANK,BUY,20,1517.82,30356.4,1516.78,0,2026-08-27T12:23:46.451Z
1787833426451-4e5ecc024c3ff8,HINDUNILVR,BUY,6,2437.9,14627.4,2436.67,0,2026-08-27T12:23:46.451Z
1787833426451-3aba5670d6abe,EVEREADY,BUY,8,330.12,2640.96,325.51,0,2026-08-27T12:23:46.451Z
1787833426451-a3a6a01a62e3,INFY,BUY,20,1536.93,30738.6,1532.05,0,2026-08-27T12:23:46.451Z
1787833426451-de7ef7741249a8,SBIN,BUY,3,447.72,1343.16,442.83,0,2026-08-27T12:23:46.451Z
1787833426450-c91ba3df980858,QUICKHEAL,BUY,14,317.16,4440.24,314.56,0,2026-08-27T12:23:46.450Z
1787833426450-3aa4c43b15405,KPITTECH,BUY,14,264.75,3706.5,264.68,0,2026-08-27T12:23:46.450Z
1787833426450-e3f36dbfc3e1c8,TCS,BUY,2,3233.9,6467.8,3226.42,0,2026-08-27T12:23:46.450Z
1787833426450-dfbb5abaeb6a68,WIPRO,SELL,6,601.64,3609.84,594.6,42.24,2026-08-27T12:23:46.450Z
1787833426450-1c59baa85fb11,RELIANCE,BUY,5,2024.64,10123.2,2017.49,0,2026-08-27T12:23:46.450Z
1787833426450-4ae4b80f3e2978,RELIANCE,BUY,4,2009.58,8038.32,2017.17,0,2026-08-27T12:23:46.450Z
1787833426450-38202c1f0779a,ONGC,BUY,1,117.84,117.84,117.45,0,2026-08-27T12:23:46.450Z
1787833426450-813b305192447,ONGC,SELL,6,117.76,706.56,117.45,1.86,2026-08-27T12:23:46.450Z
1787833426450-8686ec82428a88,KPITTECH,BUY,13,265.45,3450.85,264.67,0,2026-08-27T12:23:46.450Z
1787833426450-bf0ea718306e2,RELIANCE,SELL,12,2019.96,24239.52,2017.45,30.12,2026-08-27T12:23:46.450Z
1787833426450-44b633d7bf40a8,TCS,BUY,9,3230.32,29072.88,3226.23,0,2026-08-27T12:23:46.450Z
1787833426450-c82c68f3ab586,HDFCBANK,BUY,15,1512.68,22690.2,1516.6,0,2026-08-27T12:23:46.450Z
1787833426450-a03d205b154aa8,WIPRO,BUY,18,600.75,10813.5,594.6,0,2026-08-27T12:23:46.450Z
1787833426450-9dbe1a5c574868,JUBLFOOD,BUY,11,2993.44,32927.84,2993.65,0,2026-08-27T12:23:46.450Z
1787833426450-7b744d89ae6ab,SGBMAY29,BUY,16,4708.9,75342.4,4703.05,0,2026-08-27T12:23:46.450Z
1787833426450-c6eb642bed279,WIPRO,BUY,6,596.31,3577.86,594.03,0,2026-08-27T12:23:46.450Z
1787833426450-58f4f50cb907f8,ITC,BUY,7,199.6,1397.2,202.78,0,2026-08-27T12:23:46.450Z
1787833426450-3beea788922fb,ONGC,BUY,12,117.42,1409.04,117.45,0,2026-08-27T12:23:46.450Z
1787833426450-35f858b8570c58,ONGC,SELL,11,117.18,1288.98,117.45,-2.97,2026-08-27T12:23:46.450Z
1787833426450-ec67f315a29ff8,JUBLFOOD,BUY,8,2983.89,23871.12,2993.66,0,2026-08-27T12:23:46.450Z
1787833426450-63466f3b81c28,SGBMAY29,BUY,12,4701.26,56415.12,4702.54,0,2026-08-27T12:23:46.450Z
1787833426450-d20af929bcc7b,ITC,SELL,18,199.53,3591.54,202.88,-60.3,2026-08-27T12:23:46.450Z
1787833426450-2417a43687145,EVEREADY,BUY,5,329.69,1648.45,325.23,0,2026-08-27T12:23:46.450Z
1787833426450-af2f814ec1d4b8,HDFCBANK,BUY,16,1509.55,24152.8,1517.17,0,2026-08-27T12:23:46.450Z
1787833426450-e603f0eddb5888,TATAPOWER,SELL,9,125.83,1132.47,124.7,10.17,2026-08-27T12:23:46.450Z
1787833426450-f4f72cbaf28fb,TATAPOWER,BUY,20,124.76,2495.2,124.7,0,2026-08-27T12:23:46.450Z
1787833426450-bc947dcb508888,JUBLFOOD,BUY,4,2974.47,11897.88,2994.08,0,2026-08-27T12:23:46.450Z
1787833426450-325fb300bea688,JUBLFOOD,BUY,20,2981.33,59626.6,2994.51,0,2026-08-27T12:23:46.450Z
1787833426450-a232d433c94438,KPITTECH,SELL,2,263.39,526.78,264.58,-2.38,2026-08-27T12:23:46.450Z
1787833426450-f07c5367b2e498,WIPRO,SELL,11,596.64,6563.04,593.96,29.48,2026-08-27T12:23:46.450Z
1787833426450-c192c1e3c62a9,QUICKHEAL,BUY,13,315.19,4097.47,314.37,0,2026-08-27T12:23:46.450Z
1787833426449-aca60aa1eb0548,BHARTIARTL,BUY,18,563.16,10136.88,558.61,0,2026-08-27T12:23:46.449Z
1787833426449-56a798ad748878,QUICKHEAL,BUY,12,316.31,3795.72,314.31,0,2026-08-27T12:23:46.449Z
1787833426449-f8fec2699b9fa,RELIANCE,SELL,10,2007.74,20077.4,2017.45,-97.1,2026-08-27T12:23:46.449Z
1787833426449-7b74b8beed412,RELIANCE,BUY,6,2019.42,12116.52,2017.45,0,2026-08-27T12:23:46.449Z
1787833426449-db576bbbe5b0e,EVEREADY,BUY,11,329.48,3624.28,325.05,0,2026-08-27T12:23:46.449Z
1787833426449-30682fc4eef9b,QUICKHEAL,SELL,2,316.01,632.02,314.16,3.7,2026-08-27T12:23:46.449Z
1787833426449-bb7d45f064c5a,TCS,SELL,11,3247.65,35724.15,3225.69,241.56,2026-08-27T12:23:46.449Z
1787833426449-841e1398ace1d8,KPITTECH,SELL,14,263.85,3693.9,264.58,-10.22,2026-08-27T12:23:46.449Z
1787833426449-ec841204d3df88,INFY,BUY,12,1523.31,18279.72,1530.75,0,2026-08-27T12:23:46.449Z
1787833426449-24c7bec61c9f78,KPITTECH,BUY,8,263.55,2108.4,264.58,0,2026-08-27T12:23:46.449Z
1787833426449-81f32d4e32da88,INFY,BUY,14,1526.69,21373.66,1532.17,0,2026-08-27T12:23:46.449Z
1787833426449-2e7b30b0d2049,RELIANCE,SELL,19,2023.45,38445.55,2017.36,115.71,2026-08-27T12:23:46.449Z
1787833426449-7747601f38b0c,HDFCBANK,BUY,9,1511.85,13606.65,1518.57,0,2026-08-27T12:23:46.449Z
1787833426449-fff18e860a7228,ITC,SELL,3,200.05,600.15,202.88,-8.49,2026-08-27T12:23:46.449Z
1787833426449-2d7df53f8bb5a8,RELIANCE,BUY,13,2017.81,26231.53,2017.36,0,2026-08-27T12:23:46.449Z
1787833426449-2d728a2560182,ONGC,BUY,2,117.77,235.54,117.45,0,2026-08-27T12:23:46.449Z
1787833426449-57a3e7b67dd5d8,M&M,SELL,10,808.67,8086.7,792.54,161.3,2026-08-27T12:23:46.449Z
1787833426449-bce693c5aecfe,BHARTIARTL,SELL,14,561.59,7862.26,557.93,51.24,2026-08-27T12:23:46.449Z
1787833426449-673fa5323c355,ITC,BUY,11,199.34,2192.74,202.88,0,2026-08-27T12:23:46.449Z
1787833426449-1b6c9f3075208,TATAPOWER,SELL,10,124.79,1247.9,124.69,1,2026-08-27T12:23:46.449Z
1787833426449-0e9f9b0495474,RELIANCE,BUY,11,2025.09,22275.99,2017.32,0,2026-08-27T12:23:46.449Z
1787833426449-e7ac01cf4ae148,SGBMAY29,BUY,7,4693.55,32854.85,4702.63,0,2026-08-27T12:23:46.449Z
1787833426449-47f917373d63f,BHARTIARTL,BUY,14,563.27,7885.78,557.93,0,2026-08-27T12:23:46.449Z
1787833426449-90be9919b089b8,EVEREADY,BUY,5,329.74,1648.7,324.63,0,2026-08-27T12:23:46.449Z
1787833426449-0259ebc4e1c15,TATAPOWER,BUY,17,125.73,2137.41,124.69,0,2026-08-27T12:23:46.449Z
1787833426449-66051379328588,EVEREADY,SELL,9,329.35,2964.15,324.4,44.55,2026-08-27T12:23:46.449Z
1787833426449-08362998b7f85,BHARTIARTL,SELL,2,565.1,1130.2,557.31,15.58,2026-08-27T12:23:46.449Z
1787833426449-82a1b91cee6cb,JUBLFOOD,BUY,10,2974.17,29741.7,2996.13,0,2026-08-27T12:23:46.449Z
1787833426449-d8ba69c3d6e508,WIPRO,BUY,8,599.24,4793.92,593.96,0,2026-08-27T12:23:46.449Z
1787833426449-a32ea65d2781e,SGBMAY29,SELL,7,4703.22,32922.54,4703.01,1.47,2026-08-27T12:23:46.449Z
1787833426449-027e2048268d28,M&M,BUY,1,814.03,814.03,792.54,0,2026-08-27T12:23:46.449Z
1787833426449-c248be4944541,SBIN,SELL,2,449.49,898.98,442.73,13.52,2026-08-27T12:23:46.449Z
1787833426449-d0b0b201ac31d8,BHARTIARTL,BUY,15,561,8415,557.31,0,2026-08-27T12:23:46.449Z
1787833426449-17d21a793700e8,TATAPOWER,BUY,10,125.13,1251.3,124.59,0,2026-08-27T12:23:46.449Z
1787833426449-169515c0f41ea,HDFCBANK,SELL,1,1516.24,1516.24,1519.34,-3.1,2026-08-27T12:23:46.449Z
1787833426449-10c76fff79d3f,SBIN,BUY,15,448.8,6732,442.73,0,2026-08-27T12:23:46.449Z
1787833426449-996556245a31d8,HINDUNILVR,SELL,5,2449.47,12247.35,2436.55,64.6,2026-08-27T12:23:46.449Z
1787833426449-5cf476778b4d9,HDFCBANK,BUY,19,1521.44,28907.36,1519.34,0,2026-08-27T12:23:46.449Z
1787833426449-366a984fe31a9,ITC,SELL,17,199.71,3395.07,203.05,-56.78,2026-08-27T12:23:46.449Z
1787833426449-fe4e28cb94b03,SBIN,SELL,10,448.88,4488.8,442.02,68.6,2026-08-27T12:23:46.449Z
1787833426449-34bcc98c5e66b,ITC,BUY,9,200.22,1801.98,203.05,0,2026-08-27T12:23:46.449Z
1787833426449-cef2e4ebfd99b8,EVEREADY,BUY,15,330.53,4957.95,324.4,0,2026-08-27T12:23:46.449Z
1787833426449-5e8ca6c737aca8,TATAPOWER,BUY,14,124.85,1747.9,124.56,0,2026-08-27T12:23:46.449Z
1787833426449-44f53c7ee72b58,INFY,BUY,7,1529.56,10706.92,1533.74,0,2026-08-27T12:23:46.449Z
1787833426449-a20463e1af8de8,WIPRO,BUY,17,600.21,10203.57,593.74,0,2026-08-27T12:23:46.449Z
1787833426449-b7127f4591d64,HDFCBANK,BUY,6,1519.46,9116.76,1518.67,0,2026-08-27T12:23:46.449Z
1787833426449-5fabd3a690cdb,BHARTIARTL,BUY,3,563.7,1691.1,556.8,0,2026-08-27T12:23:46.449Z
1787833426449-9edfc61a25f3a8,KPITTECH,BUY,18,265.78,4784.04,264.64,0,2026-08-27T12:23:46.449Z
1787833426449-f2b66c8911308,SBIN,BUY,17,449.76,7645.92,442.02,0,2026-08-27T12:23:46.449Z
1787833426449-ea2ae04f7e0fb,SGBMAY29,BUY,12,4709.02,56508.24,4703.01,0,2026-08-27T12:23:46.449Z
1787833426449-d7235239fd8ac,ONGC,SELL,5,116.86,584.3,117.44,-2.9,2026-08-27T12:23:46.449Z
1787833426449-26bb4dffee9df8,QUICKHEAL,BUY,17,315.76,5367.92,314.16,0,2026-08-27T12:23:46.449Z
1787833426449-303f7d177170e,RELIANCE,BUY,11,2019.53,22214.83,2016.61,0,2026-08-27T12:23:46.449Z
1787833426449-b3c78c8eade398,JUBLFOOD,BUY,13,2992.21,38898.73,2997.56,0,2026-08-27T12:23:46.449Z
1787833426449-d482f8db45a37,QUICKHEAL,BUY,11,315.36,3468.96,313.98,0,2026-08-27T12:23:46.449Z
1787833426449-abba181de8f82,INFY,BUY,16,1532.12,24513.92,1534.44,0,2026-08-27T12:23:46.449Z
1787833426448-e3e9bc8c9430d8,QUICKHEAL,SELL,2,315.05,630.1,313.87,2.36,2026-08-27T12:23:46.448Z
1787833426448-39ffaf9da2d16,QUICKHEAL,BUY,10,316.49,3164.9,313.87,0,2026-08-27T12:23:46.448Z
1787833426448-fed858c070a,WIPRO,BUY,18,599.06,10783.08,593.11,0,2026-08-27T12:23:46.448Z
1787833426448-6a2484bdb324b8,HDFCBANK,BUY,9,1514.84,13633.56,1518.58,0,2026-08-27T12:23:46.448Z
1787833426448-499b9af8235078,BHARTIARTL,BUY,5,561.56,2807.8,556.6,0,2026-08-27T12:23:46.448Z
1787833426448-3e86525ba5187,BHARTIARTL,SELL,18,565.65,10181.7,556.35,167.4,2026-08-27T12:23:46.448Z
1787833426448-cc24bd5554db8,SBIN,BUY,18,449.89,8098.02,440.93,0,2026-08-27T12:23:46.448Z
1787833426448-516b092bdbc6,RELIANCE,BUY,12,2010.04,24120.48,2016.32,0,2026-08-27T12:23:46.448Z
1787833426448-de54481311db3,M&M,BUY,12,809.59,9715.08,792.45,0,2026-08-27T12:23:46.448Z
1787833426448-d402a766e9938,KPITTECH,SELL,15,264.56,3968.4,264.45,1.65,2026-08-27T12:23:46.448Z
1787833426448-41547788df15f8,ITC,SELL,3,200.27,600.81,203.16,-8.67,2026-08-27T12:23:46.448Z
1787833426448-efae1edf234a18,JUBLFOOD,BUY,11,2991.24,32903.64,2998.06,0,2026-08-27T12:23:46.448Z
1787833426448-0034de8ca5d6b8,BHARTIARTL,BUY,5,563.03,2815.15,556.35,0,2026-08-27T12:23:46.448Z
1787833426448-8281b28caaa2d,WIPRO,BUY,14,596.05,8344.7,592.42,0,2026-08-27T12:23:46.448Z
1787833426448-088514fa976a1,EVEREADY,BUY,4,330.69,1322.76,323.53,0,2026-08-27T12:23:46.448Z
1787833426448-0fd347a4fdeb3,ITC,BUY,19,198.98,3780.62,203.16,0,2026-08-27T12:23:46.448Z
1787833426448-afefe14426847,SGBMAY29,BUY,4,4675.21,18700.84,4702.56,0,2026-08-27T12:23:46.448Z
1787833426448-306a3a2e820ad8,TCS,SELL,16,3242.98,51887.68,3225.69,276.64,2026-08-27T12:23:46.448Z
1787833426448-2cee8b3d623cd,M&M,BUY,17,807.62,13729.54,791.59,0,2026-08-27T12:23:46.448Z
1787833426448-295c808f6929f8,QUICKHEAL,BUY,3,315.96,947.88,313.67,0,2026-08-27T12:23:46.448Z
1787833426448-4cd35bd8381088,INFY,SELL,9,1531.5,13783.5,1535.86,-39.24,2026-08-27T12:23:46.448Z
1787833426448-9ade02c9378208,TATAPOWER,SELL,3,125.74,377.22,124.54,3.6,2026-08-27T12:23:46.448Z
1787833426448-02971f4eef67d8,HINDUNILVR,BUY,14,2429.62,34014.68,2436.55,0,2026-08-27T12:23:46.448Z
1787833426448-10db48da67315,TATAPOWER,SELL,15,125.33,1879.95,124.54,11.85,2026-08-27T12:23:46.448Z
1787833426448-f2ee8766601c6,TATAPOWER,BUY,3,125.88,377.64,124.54,0,2026-08-27T12:23:46.448Z
1787833426448-21f177cff1ff6,ONGC,BUY,17,117.79,2002.43,117.44,0,2026-08-27T12:23:46.448Z
1787833426448-ff7876e06ff05,SBIN,SELL,8,449.97,3599.76,439.37,84.8,2026-08-27T12:23:46.448Z
1787833426448-0d0879f7f3bda,INFY,BUY,19,1528.16,29035.04,1535.86,0,2026-08-27T12:23:46.448Z
1787833426448-c1cbbb0f93194,KPITTECH,BUY,8,265.1,2120.8,264.45,0,2026-08-27T12:23:46.448Z
1787833426448-49e424b9adbe08,JUBLFOOD,BUY,8,2989.59,23916.72,2998.64,0,2026-08-27T12:23:46.448Z
1787833426448-d8c74364e552c8,TATAPOWER,BUY,6,125.41,752.46,124.52,0,2026-08-27T12:23:46.448Z
1787833426448-338c46745b6168,RELIANCE,BUY,10,2020,20200,2017.1,0,2026-08-27T12:23:46.448Z
1787833426448-27ebd66a8e98e8,SGBMAY29,BUY,6,4695.1,28170.6,4703.26,0,2026-08-27T12:23:46.448Z
1787833426448-433e7177544fc8,KPITTECH,BUY,18,264.34,4758.12,264.41,0,2026-08-27T12:23:46.448Z
1787833426448-f12ba9cdb72458,SGBMAY29,SELL,19,4711.83,89524.77,4703.59,156.56,2026-08-27T12:23:46.448Z
1787833426448-c8bae9ed1658a8,KPITTECH,BUY,3,264.22,792.66,264.42,0,2026-08-27T12:23:46.448Z
1787833426448-a1a7d6521e43,SGBMAY29,BUY,15,4672.29,70084.35,4703.59,0,2026-08-27T12:23:46.448Z
1787833426448-e793c261394b88,BHARTIARTL,BUY,16,564.31,9028.96,556.05,0,2026-08-27T12:23:46.448Z
1787833426448-4084cd77b7aca,SGBMAY29,BUY,17,4698.77,79879.09,4706.64,0,2026-08-27T12:23:46.448Z
1787833426448-3e8615339d67c,WIPRO,BUY,15,596.78,8951.7,592.06,0,2026-08-27T12:23:46.448Z
1787833426448-78f9f415dcb93,HINDUNILVR,SELL,11,2430.42,26734.62,2438.45,-88.33,2026-08-27T12:23:46.448Z
1787833426448-5025f3315bfdc,WIPRO,BUY,15,598.29,8974.35,591.5,0,2026-08-27T12:23:46.448Z
1787833426448-3cd0bd2658f68,ITC,SELL,6,200.41,1202.46,203.52,-18.66,2026-08-27T12:23:46.448Z
1787833426448-ec025e3845cb1,JUBLFOOD,BUY,17,2989.93,50828.81,2999.24,0,2026-08-27T12:23:46.448Z
1787833426448-218e63d81e0e8,TCS,SELL,9,3252.18,29269.62,3225.69,238.41,2026-08-27T12:23:46.448Z
1787833426448-20590087f50e48,QUICKHEAL,SELL,11,315.88,3474.68,313.62,24.86,2026-08-27T12:23:46.448Z
1787833426448-631f2439d28b18,EVEREADY,SELL,13,329.45,4282.85,323.25,80.6,2026-08-27T12:23:46.448Z
1787833426448-43ae33577081a,SBIN,BUY,13,449.47,5843.11,439.37,0,2026-08-27T12:23:46.448Z
1787833426448-51859f66504dd8,KPITTECH,BUY,17,263.69,4482.73,264.43,0,2026-08-27T12:23:46.448Z
1787833426448-5f1100d53ad43,SGBMAY29,SELL,17,4683.89,79626.13,4707.62,-403.41,2026-08-27T12:23:46.448Z
1787833426447-a87c939c443a7,INFY,SELL,11,1530.36,16833.96,1545,-161.04,2026-08-27T12:23:46.447Z
1787833426447-e5f1a719524308,INFY,SELL,20,1532.06,30641.2,1545,-258.8,2026-08-27T12:23:46.447Z
1787833426447-415c7926b2a31,QUICKHEAL,BUY,16,315.06,5040.96,313.62,0,2026-08-27T12:23:46.447Z
1787833426447-da27049f4b1ca,ITC,BUY,17,200.3,3405.1,203.52,0,2026-08-27T12:23:46.447Z
1787833426447-aea0706bbd669,JUBLFOOD,SELL,4,2983.87,11935.48,3000.76,-67.56,2026-08-27T12:23:46.447Z
1787833426447-7922839794b078,SGBMAY29,BUY,5,4712.03,23560.15,4707.62,0,2026-08-27T12:23:46.447Z
1787833426447-5008ac851fd1a,BHARTIARTL,SELL,12,563.33,6759.96,554.69,103.68,2026-08-27T12:23:46.447Z
1787833426447-e4ce0554022a98,TATAPOWER,BUY,10,124.99,1249.9,124.49,0,2026-08-27T12:23:46.447Z
1787833426447-13fe9f455fb5b8,HDFCBANK,SELL,4,1520.31,6081.24,1519.33,3.92,2026-08-27T12:23:46.447Z
1787833426447-974dd666b4339,WIPRO,BUY,17,601.41,10223.97,590.59,0,2026-08-27T12:23:46.447Z
1787833426447-e29a69ce4dfa3,KPITTECH,BUY,7,264.81,1853.67,264.59,0,2026-08-27T12:23:46.447Z
1787833426447-6494b2bfa9d188,WIPRO,BUY,9,597.57,5378.13,588.65,0,2026-08-27T12:23:46.447Z
1787833426447-05a0e45c923138,HDFCBANK,SELL,14,1510.14,21141.96,1519.33,-128.66,2026-08-27T12:23:46.447Z
1787833426447-927793d8cd9b2,ITC,SELL,11,199.41,2193.51,203.78,-48.07,2026-08-27T12:23:46.447Z
1787833426447-185d58883b57f8,QUICKHEAL,SELL,19,317.15,6025.85,313.43,70.68,2026-08-27T12:23:46.447Z
1787833426447-3b2205787efca,ONGC,SELL,9,116.97,1052.73,117.36,-3.51,2026-08-27T12:23:46.447Z
1787833426447-f91eb7e040bed,M&M,BUY,7,812.13,5684.91,790.36,0,2026-08-27T12:23:46.447Z
1787833426447-d580855df2f8f8,ONGC,SELL,12,117.37,1408.44,117.36,0.12,2026-08-27T12:23:46.447Z
1787833426447-7e8ba734e57ec8,SBIN,BUY,11,447.97,4927.67,438.03,0,2026-08-27T12:23:46.447Z
1787833426447-4966a7a0be71e,QUICKHEAL,BUY,14,317.24,4441.36,313.43,0,2026-08-27T12:23:46.447Z
1787833426447-70b9644a20127,TATAPOWER,BUY,1,125.11,125.11,124.46,0,2026-08-27T12:23:46.447Z
1787833426447-525f473ad9e3c,ONGC,BUY,17,117.65,2000.05,117.36,0,2026-08-27T12:23:46.447Z
1787833426447-9ea4b2ec4de528,KPITTECH,BUY,14,265.07,3710.98,264.57,0,2026-08-27T12:23:46.447Z
1787833426447-144871345c956,ITC,BUY,12,199.68,2396.16,203.78,0,2026-08-27T12:23:46.447Z
1787833426447-46c0d0d96686f,WIPRO,SELL,18,597.13,10748.34,587.72,169.38,2026-08-27T12:23:46.447Z
1787833426447-49cf6a01183138,HINDUNILVR,BUY,10,2441.17,24411.7,2438.45,0,2026-08-27T12:23:46.447Z
1787833426447-fb3b821b14be1,M&M,BUY,14,812.41,11373.74,789.65,0,2026-08-27T12:23:46.447Z
1787833426447-51c8446d8ccdc8,HINDUNILVR,SELL,18,2430.37,43746.66,2437.93,-136.08,2026-08-27T12:23:46.447Z
1787833426447-cd8746e8d52788,INFY,SELL,8,1529.63,12237.04,1545,-122.96,2026-08-27T12:23:46.447Z
1787833426447-af349f36482948,TCS,BUY,9,3236.51,29128.59,3225.69,0,2026-08-27T12:23:46.447Z
1787833426447-4cede16e789ff,JUBLFOOD,BUY,13,2985,38805,3000.76,0,2026-08-27T12:23:46.447Z
1787833426447-744e803f199a2,HINDUNILVR,BUY,3,2434.39,7303.17,2437.93,0,2026-08-27T12:23:46.447Z
1787833426447-097e434bc2c48,WIPRO,BUY,14,596.22,8347.08,587.72,0,2026-08-27T12:23:46.447Z
1787833426447-8335d940dc11d,TATAPOWER,SELL,15,124.73,1870.95,124.46,4.05,2026-08-27T12:23:46.447Z
1787833426447-760d941367f87,WIPRO,BUY,5,597.8,2989,586.4,0,2026-08-27T12:23:46.447Z
1787833426446-8024de827b3a8,QUICKHEAL,BUY,14,316.6,4432.4,313.01,0,2026-08-27T12:23:46.446Z
1787833426446-47ac2bc3b241f8,HDFCBANK,BUY,14,1511.95,21167.3,1519.33,0,2026-08-27T12:23:46.446Z
1787833426446-88c47f13016a9,SBIN,SELL,18,447.88,8061.84,436.77,199.98,2026-08-27T12:23:46.446Z
1787833426446-732d8486341b68,SGBMAY29,BUY,7,4692.85,32849.95,4707.47,0,2026-08-27T12:23:46.446Z
1787833426446-75f612b5622a3,TCS,SELL,12,3240.8,38889.6,3224.67,193.56,2026-08-27T12:23:46.446Z
1787833426446-4291057b832e1,BHARTIARTL,SELL,1,565.55,565.55,554.69,10.86,2026-08-27T12:23:46.446Z
1787833426446-396fb95790523,TATAPOWER,BUY,12,125.25,1503,124.46,0,2026-08-27T12:23:46.446Z
1787833426446-64cbe90083fe,SBIN,SELL,7,448.66,3140.62,436.77,83.23,2026-08-27T12:23:46.446Z
1787833426446-c626738e1fe728,RELIANCE,BUY,4,2014.96,8059.84,2016.77,0,2026-08-27T12:23:46.446Z
1787833426446-dd303608ef08d8,RELIANCE,BUY,17,2014.51,34246.67,2016.86,0,2026-08-27T12:23:46.446Z
1787833426446-53456fb766e678,KPITTECH,BUY,14,263.44,3688.16,264.45,0,2026-08-27T12:23:46.446Z
1787833426446-0b5f1306534d88,TATAPOWER,BUY,19,124.71,2369.49,124.4,0,2026-08-27T12:23:46.446Z
1787833426446-453f458d127a8,ONGC,BUY,15,117.64,1764.6,117.3,0,2026-08-27T12:23:46.446Z
1787833426446-675ad59d2c4fd,QUICKHEAL,SELL,5,315.96,1579.8,312.56,17,2026-08-27T12:23:46.446Z
1787833426446-90c17ccdc72788,SGBMAY29,SELL,3,4711.8,14135.4,4708.19,10.83,2026-08-27T12:23:46.446Z
1787833426446-bdb8f7ba1cd32,SBIN,SELL,16,447.75,7164,436.77,175.68,2026-08-27T12:23:46.446Z
1787833426446-8dde1cc218f6a,QUICKHEAL,BUY,17,316.21,5375.57,312.56,0,2026-08-27T12:23:46.446Z
1787833426446-953bbca97fe65,ONGC,BUY,17,117.78,2002.26,117.22,0,2026-08-27T12:23:46.446Z
1787833426446-75f73cc0875aa,BHARTIARTL,SELL,13,561.76,7302.88,554.69,91.91,2026-08-27T12:23:46.446Z
1787833426446-7933bead343928,RELIANCE,BUY,15,2024.46,30366.9,2017.47,0,2026-08-27T12:23:46.446Z
1787833426446-3310f9b200322,KPITTECH,BUY,8,263.55,2108.4,264.78,0,2026-08-27T12:23:46.446Z
1787833426446-92f5738d473cf,HDFCBANK,SELL,14,1513.18,21184.52,1521.44,-115.64,2026-08-27T12:23:46.446Z
1787833426446-d84e2550d2a22,SGBMAY29,SELL,14,4667.78,65348.92,4708.19,-565.74,2026-08-27T12:23:46.446Z
1787833426446-f40fe92403758,EVEREADY,SELL,18,329.67,5934.06,323.25,115.56,2026-08-27T12:23:46.446Z
1787833426446-466340b2cde868,KPITTECH,SELL,17,263.7,4482.9,265.06,-23.12,2026-08-27T12:23:46.446Z
1787833426446-f416e72cbf301,WIPRO,SELL,18,597.02,10746.36,585.73,203.22,2026-08-27T12:23:46.446Z
1787833426446-55430937ae6188,ONGC,SELL,5,117.84,589.2,117.01,4.15,2026-08-27T12:23:46.446Z
1787833426446-90cc5495eedf58,RELIANCE,BUY,14,2023.32,28326.48,2015.42,0,2026-08-27T12:23:46.446Z
1787833426446-2389c7652971e8,BHARTIARTL,BUY,1,565.68,565.68,554.69,0,2026-08-27T12:23:46.446Z
1787833426446-2f0ddca1c28b18,HDFCBANK,BUY,1,1517.12,1517.12,1521.44,0,2026-08-27T12:23:46.446Z
1787833426446-f36333075b5e3,QUICKHEAL,SELL,12,316.12,3793.44,311.94,50.16,2026-08-27T12:23:46.446Z
1787833426446-3a6496047b763,HDFCBANK,SELL,13,1520.89,19771.57,1521.51,-8.06,2026-08-27T12:23:46.446Z
1787833426446-bb0d539acaa1a,HINDUNILVR,BUY,9,2453.47,22081.23,2438.09,0,2026-08-27T12:23:46.446Z
1787833426446-8ba6e29fcde34,HINDUNILVR,BUY,6,2453.45,14720.7,2435.7,0,2026-08-27T12:23:46.446Z
1787833426446-12302259f2feb8,WIPRO,BUY,15,597.36,8960.4,585.73,0,2026-08-27T12:23:46.446Z
1787833426446-4a246e7bde789,TATAPOWER,BUY,3,124.7,374.1,124.36,0,2026-08-27T12:23:46.446Z
1787833426446-019a5980da8e8,WIPRO,SELL,10,601.4,6014,583.75,176.5,2026-08-27T12:23:46.446Z
1787833426446-8f96e26fcabdd,TATAPOWER,SELL,9,125.2,1126.8,124.35,7.65,2026-08-27T12:23:46.446Z
1787833426446-5c4080982e9328,INFY,SELL,13,1536.58,19975.54,1545,-109.46,2026-08-27T12:23:46.446Z
1787833426446-6555148ebd93d,ITC,BUY,4,199.57,798.28,204.01,0,2026-08-27T12:23:46.446Z
1787833426446-650499dd71ae,KPITTECH,SELL,6,265.47,1592.82,265.06,2.46,2026-08-27T12:23:46.446Z
1787833426446-a1d2e35544a32,HINDUNILVR,SELL,15,2435.62,36534.3,2433.65,29.55,2026-08-27T12:23:46.446Z
1787833426446-c5b82a4fd3ae1,INFY,BUY,18,1533.96,27611.28,1545,0,2026-08-27T12:23:46.446Z
1787833426446-bbb737a89cb16,INFY,SELL,1,1525.03,1525.03,1548.98,-23.95,2026-08-27T12:23:46.446Z
1787833426446-6a9c279c70a3b8,SBIN,BUY,17,447.51,7607.67,436.77,0,2026-08-27T12:23:46.446Z
1787833426446-f73edc9948ca88,M&M,BUY,18,811.2,14601.6,788.06,0,2026-08-27T12:23:46.446Z
1787833426446-facdfb13fad378,ITC,SELL,15,200.54,3008.1,204.1,-53.4,2026-08-27T12:23:46.446Z
1787833426446-a0120102f584e8,HDFCBANK,SELL,16,1511.39,24182.24,1521.51,-161.92,2026-08-27T12:23:46.446Z
1787833426446-de7967b1a25e8,M&M,SELL,12,806.94,9683.28,785.78,253.92,2026-08-27T12:23:46.446Z
1787833426445-aefedb74093ea8,BHARTIARTL,BUY,5,564.48,2822.4,554.6,0,2026-08-27T12:23:46.445Z
1787833426445-726707d9c88ba,RELIANCE,SELL,6,2022.98,12137.88,2012.43,63.3,2026-08-27T12:23:46.445Z
1787833426445-0128da855a5848,KPITTECH,SELL,15,265.07,3976.05,265.06,0.15,2026-08-27T12:23:46.445Z
1787833426445-f7e5098b24d418,M&M,BUY,4,806.15,3224.6,785.78,0,2026-08-27T12:23:46.445Z
1787833426445-382ca87fd7163,KPITTECH,BUY,2,265.25,530.5,265.06,0,2026-08-27T12:23:46.445Z
1787833426445-835f2107ee62b8,HDFCBANK,BUY,2,1513.24,3026.48,1521.51,0,2026-08-27T12:23:46.445Z
1787833426445-45fdb31be179a,BHARTIARTL,SELL,5,562.73,2813.65,554.18,42.75,2026-08-27T12:23:46.445Z
1787833426445-48e4e64e0ef56,HDFCBANK,BUY,19,1516.12,28806.28,1521.7,0,2026-08-27T12:23:46.445Z
1787833426445-0a3aaa8ad4fe38,RELIANCE,BUY,4,2017.86,8071.44,2012.43,0,2026-08-27T12:23:46.445Z
1787833426445-356c63d9707ad8,QUICKHEAL,SELL,3,316.27,948.81,311.94,12.99,2026-08-27T12:23:46.445Z
1787833426445-70877c93f7a918,ONGC,SELL,16,117.75,1884,117.01,11.84,2026-08-27T12:23:46.445Z
1787833426445-c81020181250e8,BHARTIARTL,BUY,19,562.95,10696.05,554.18,0,2026-08-27T12:23:46.445Z
1787833426445-1e3077f6ea9868,TATAPOWER,BUY,16,124.99,1999.84,124.35,0,2026-08-27T12:23:46.445Z
1787833426445-dd80b586064678,ONGC,BUY,7,117.84,824.88,117.01,0,2026-08-27T12:23:46.445Z
1787833426445-6353c674b55be8,INFY,SELL,20,1526.39,30527.8,1548.98,-451.8,2026-08-27T12:23:46.445Z
1787833426445-e91d6d2c6c91e,ONGC,SELL,11,116.81,1284.91,116.91,-1.1,2026-08-27T12:23:46.445Z
1787833426445-dced3226435b5,TATAPOWER,SELL,8,124.81,998.48,124.27,4.32,2026-08-27T12:23:46.445Z
1787833426445-205b7065e3e4d,WIPRO,BUY,2,601.6,1203.2,583.75,0,2026-08-27T12:23:46.445Z
1787833426445-0a386370789878,ONGC,BUY,5,117.64,588.2,116.91,0,2026-08-27T12:23:46.445Z
1787833426445-f91b779e25db08,EVEREADY,BUY,10,330.61,3306.1,323.25,0,2026-08-27T12:23:46.445Z
1787833426445-52df3af3b6148,QUICKHEAL,BUY,10,315.8,3158,311.94,0,2026-08-27T12:23:46.445Z
1787833426445-b7a316eaf9b818,ONGC,BUY,15,117.3,1759.5,116.85,0,2026-08-27T12:23:46.445Z
1787833426445-12b337138338c,KPITTECH,BUY,15,265.21,3978.15,265.05,0,2026-08-27T12:23:46.445Z
1787833426445-73ab5d246a69c8,JUBLFOOD,BUY,11,2984.04,32824.44,3002.92,0,2026-08-27T12:23:46.445Z
1787833426445-6e3096a094cc5,SBIN,BUY,9,449.27,4043.43,435.12,0,2026-08-27T12:23:46.445Z
1787833426445-491406114115d,HINDUNILVR,BUY,9,2432.05,21888.45,2433.65,0,2026-08-27T12:23:46.445Z
1787833426445-a0f68a3b75f8f8,QUICKHEAL,SELL,3,314.44,943.32,311.57,8.61,2026-08-27T12:23:46.445Z
1787833426445-11333ee6887d5,SBIN,SELL,15,449.47,6742.05,433.87,234,2026-08-27T12:23:46.445Z
1787833426445-973fde1632d008,QUICKHEAL,SELL,7,317.32,2221.24,311.57,40.25,2026-08-27T12:23:46.445Z
1787833426445-e36500319738a8,TCS,BUY,15,3245.76,48686.4,3224.67,0,2026-08-27T12:23:46.445Z
1787833426445-5432ff39f3038,SBIN,SELL,2,448.38,896.76,433.87,29.02,2026-08-27T12:23:46.445Z
1787833426445-38a397f4150f5,BHARTIARTL,BUY,7,562.31,3936.17,552.56,0,2026-08-27T12:23:46.445Z
1787833426445-261bf3d3e83098,SBIN,SELL,9,448.83,4039.47,433.87,134.64,2026-08-27T12:23:46.445Z
1787833426445-44b2b135c928c,RELIANCE,BUY,13,2017.28,26224.64,2011.87,0,2026-08-27T12:23:46.445Z
1787833426445-7ac45b0e3bda68,ITC,BUY,17,200.22,3403.74,204.1,0,2026-08-27T12:23:46.445Z
1787833426445-f77c4bd83b5aa8,HINDUNILVR,SELL,15,2432.84,36492.6,2433.9,-15.9,2026-08-27T12:23:46.445Z
1787833426445-0c4b65ac30f178,ITC,BUY,11,200.54,2205.94,204.42,0,2026-08-27T12:23:46.445Z
1787833426445-a46d520ab2fff8,SBIN,SELL,9,448.7,4038.3,433.87,133.47,2026-08-27T12:23:46.445Z
1787833426445-32780cd44ceab8,HDFCBANK,SELL,11,1512.63,16638.93,1523.21,-116.38,2026-08-27T12:23:46.445Z
1787833426445-755fb9b2c28cf,ITC,SELL,2,199.15,398.3,204.64,-10.98,2026-08-27T12:23:46.445Z
1787833426445-401c1e68706cd,KPITTECH,BUY,5,265.71,1328.55,265.01,0,2026-08-27T12:23:46.445Z
1787833426445-79b4d299cbb6f,JUBLFOOD,BUY,10,2966.39,29663.9,3005.39,0,2026-08-27T12:23:46.445Z
1787833426445-71eb95ace6913,SBIN,BUY,13,450.71,5859.23,433.87,0,2026-08-27T12:23:46.445Z
1787833426445-2a59965a2a9538,TCS,BUY,4,3230.1,12920.4,3221.23,0,2026-08-27T12:23:46.445Z
1787833426445-6b97ba039f4678,WIPRO,SELL,17,598.12,10168.04,583.38,250.58,2026-08-27T12:23:46.445Z
1787833426445-e1f06ee8ce7838,TCS,BUY,13,3239.05,42107.65,3220.83,0,2026-08-27T12:23:46.445Z
1787833426444-7a8a32050bc258,EVEREADY,BUY,4,329.26,1317.04,322.65,0,2026-08-27T12:23:46.444Z
1787833426444-4cc2dc5e314bf8,M&M,BUY,2,809.12,1618.24,785.35,0,2026-08-27T12:23:46.444Z
1787833426444-8973e7a4bf6fa,SGBMAY29,BUY,8,4689.22,37513.76,4708.19,0,2026-08-27T12:23:46.444Z
1787833426444-874615d238cf1,SBIN,BUY,7,448.25,3137.75,432.1,0,2026-08-27T12:23:46.444Z
1787833426444-f11d6480e5d2c8,HINDUNILVR,SELL,4,2450.66,9802.64,2433.9,67.04,2026-08-27T12:23:46.444Z
1787833426444-f5619a7642473,SGBMAY29,BUY,7,4694.2,32859.4,4709.19,0,2026-08-27T12:23:46.444Z
1787833426444-e05cc40a238608,JUBLFOOD,BUY,17,2983.05,50711.85,3010.66,0,2026-08-27T12:23:46.444Z
1787833426444-b1dc73dc3cebb8,EVEREADY,BUY,10,327.8,3278,322.43,0,2026-08-27T12:23:46.444Z
1787833426444-67a520dde369,EVEREADY,SELL,15,327.6,4914,321.93,85.05,2026-08-27T12:23:46.444Z
1787833426444-8b75ebab9cc608,INFY,SELL,11,1528.7,16815.7,1548.98,-223.08,2026-08-27T12:23:46.444Z
1787833426444-b9a5b1507fdbf,RELIANCE,BUY,6,2010.08,12060.48,2009.17,0,2026-08-27T12:23:46.444Z
1787833426444-b9460c090f3868,BHARTIARTL,BUY,18,565.08,10171.44,551.85,0,2026-08-27T12:23:46.444Z
1787833426444-b50b34b383013,M&M,SELL,4,813.05,3252.2,785.1,111.8,2026-08-27T12:23:46.444Z
1787833426444-648a9c3eacae58,INFY,BUY,5,1528.96,7644.8,1548.98,0,2026-08-27T12:23:46.444Z
1787833426444-8f0d45b912f298,QUICKHEAL,BUY,1,317.09,317.09,311.57,0,2026-08-27T12:23:46.444Z
1787833426444-5ca426d4ac194,BHARTIARTL,BUY,13,561.72,7302.36,548.8,0,2026-08-27T12:23:46.444Z
1787833426444-e9279fe68f5d18,M&M,BUY,8,810.64,6485.12,785.1,0,2026-08-27T12:23:46.444Z
1787833426444-1b9b012be9b778,KPITTECH,SELL,2,264.17,528.34,264.94,-1.54,2026-08-27T12:23:46.444Z
1787833426444-6073921f6b156,ONGC,BUY,10,117.91,1179.1,116.71,0,2026-08-27T12:23:46.444Z
1787833426444-911340ce989fb8,HDFCBANK,BUY,20,1512.75,30255,1523.21,0,2026-08-27T12:23:46.444Z
1787833426444-7ebfbd08c8841,HINDUNILVR,BUY,19,2443.2,46420.8,2433.9,0,2026-08-27T12:23:46.444Z
1787833426444-077c6f765bf008,HDFCBANK,SELL,2,1508.95,3017.9,1526.64,-35.38,2026-08-27T12:23:46.444Z
1787833426444-3054b8ed6b667,WIPRO,SELL,15,597.19,8957.85,583.38,207.15,2026-08-27T12:23:46.444Z
1787833426444-765ca10bfe2e,HDFCBANK,SELL,2,1522.64,3045.28,1526.64,-8,2026-08-27T12:23:46.444Z
1787833426444-3b8b144ea06f48,JUBLFOOD,BUY,5,2978.8,14894,3018.9,0,2026-08-27T12:23:46.444Z
1787833426444-6b7f3203b743e8,QUICKHEAL,BUY,20,317.18,6343.6,311.52,0,2026-08-27T12:23:46.444Z
1787833426444-9c89c3bf2f288,TATAPOWER,SELL,20,125.33,2506.6,124.27,21.2,2026-08-27T12:23:46.444Z
1787833426444-3df0b246360e68,RELIANCE,BUY,20,2008.9,40178,2008.9,0,2026-08-27T12:23:46.444Z
1787833426444-aa2bdfc5698238,HINDUNILVR,BUY,3,2433.67,7301.01,2430.86,0,2026-08-27T12:23:46.444Z
1787833426444-4fbc08c574ba08,HINDUNILVR,BUY,15,2435.41,36531.15,2430.71,0,2026-08-27T12:23:46.444Z
1787833426444-2081784b7aff7,WIPRO,BUY,2,598.98,1197.96,583.38,0,2026-08-27T12:23:46.444Z
1787833426444-f1e832cc6381f8,SGBMAY29,BUY,11,4697.97,51677.67,4709.92,0,2026-08-27T12:23:46.444Z
1787833426444-f9df5e4c3db93,SBIN,SELL,3,450.08,1350.24,431.13,56.85,2026-08-27T12:23:46.444Z
1787833426444-debc652ec442,SGBMAY29,BUY,16,4700.43,75206.88,4710.91,0,2026-08-27T12:23:46.444Z
1787833426444-2c2bd6ef032e48,SGBMAY29,SELL,15,4676.55,70148.25,4712.34,-536.85,2026-08-27T12:23:46.444Z
1787833426444-45cf6556f8e09,M&M,BUY,13,813.38,10573.94,784,0,2026-08-27T12:23:46.444Z
1787833426444-449c0b7ac7bda8,HDFCBANK,SELL,7,1509.46,10566.22,1526.64,-120.26,2026-08-27T12:23:46.444Z
1787833426444-9578522506202,EVEREADY,SELL,7,330.58,2314.06,321.93,60.55,2026-08-27T12:23:46.444Z
1787833426444-799f3a43b40bf,TCS,BUY,1,3255.39,3255.39,3217.67,0,2026-08-27T12:23:46.444Z
1787833426444-df3677f1084af,ITC,BUY,13,199.76,2596.88,204.64,0,2026-08-27T12:23:46.444Z
1787833426444-b01896723b9e5,SBIN,BUY,2,450.94,901.88,431.13,0,2026-08-27T12:23:46.444Z
1787833426444-800ad5ed75a64,TATAPOWER,BUY,3,124.87,374.61,124.27,0,2026-08-27T12:23:46.444Z
1787833426444-5035efcb4db8a,HDFCBANK,SELL,3,1516.35,4549.05,1526.64,-30.87,2026-08-27T12:23:46.444Z
1787833426444-b530be69a0cb,KPITTECH,SELL,6,264.13,1584.78,264.94,-4.86,2026-08-27T12:23:46.444Z
1787833426444-a5d0dc0ee715,JUBLFOOD,BUY,14,2978.48,41698.72,3022.76,0,2026-08-27T12:23:46.444Z
1787833426443-6ab3904cf9cf18,RELIANCE,SELL,18,2018.34,36330.12,2052.56,-410.64,2026-08-27T12:23:46.443Z
1787833426443-486e40a0b107e8,SBIN,BUY,5,450.81,2254.05,430.79,0,2026-08-27T12:23:46.443Z
1787833426443-f886a8199ef2e,EVEREADY,BUY,11,328.4,3612.4,321.93,0,2026-08-27T12:23:46.443Z
1787833426443-a88c2ed21aeaa8,TCS,BUY,20,3235.55,64711,3217.16,0,2026-08-27T12:23:46.443Z
1787833426443-f2b7944633721,ITC,SELL,5,200.73,1003.65,204.99,-21.3,2026-08-27T12:23:46.443Z
1787833426443-8119160f0bc2a,RELIANCE,SELL,2,2019.91,4039.82,2052.56,-65.3,2026-08-27T12:23:46.443Z
1787833426443-7f8920d0675cd,EVEREADY,BUY,7,328.24,2297.68,321.33,0,2026-08-27T12:23:46.443Z
1787833426443-b423b34607af78,TCS,BUY,5,3241.75,16208.75,3210.35,0,2026-08-27T12:23:46.443Z
1787833426443-d39cd46ac5129,SGBMAY29,SELL,4,4706.89,18827.56,4712.34,-21.8,2026-08-27T12:23:46.443Z
1787833426443-69f876c110955,ONGC,SELL,17,117.76,2001.92,116.4,23.12,2026-08-27T12:23:46.443Z
1787833426443-7647489514363,M&M,SELL,11,813.87,8952.57,781.78,352.99,2026-08-27T12:23:46.443Z
1787833426443-8423b01dc7dc68,EVEREADY,BUY,20,328.28,6565.6,320.9,0,2026-08-27T12:23:46.443Z
1787833426443-8729163893c7b8,JUBLFOOD,SELL,6,2977.77,17866.62,3039.07,-367.8,2026-08-27T12:23:46.443Z
1787833426443-64716dcffad1e,KPITTECH,BUY,14,264.93,3709.02,264.94,0,2026-08-27T12:23:46.443Z
1787833426443-821b8a39d0c02,SBIN,SELL,7,451.1,3157.7,429.9,148.4,2026-08-27T12:23:46.443Z
1787833426443-a09998ebc017c8,TCS,BUY,13,3226.32,41942.16,3207.15,0,2026-08-27T12:23:46.443Z
1787833426443-bce23ea94e47c,KPITTECH,SELL,2,264.53,529.06,264.94,-0.82,2026-08-27T12:23:46.443Z
1787833426443-bc69f4d5e83bf,ITC,BUY,14,199.19,2788.66,204.99,0,2026-08-27T12:23:46.443Z
1787833426443-9bf93f71b2c3,INFY,SELL,10,1528.23,15282.3,1550.28,-220.5,2026-08-27T12:23:46.443Z
1787833426443-733fc19fdb6dc,HINDUNILVR,SELL,1,2438.21,2438.21,2428.95,9.26,2026-08-27T12:23:46.443Z
1787833426443-4f84c0a142ca78,HINDUNILVR,BUY,5,2450.32,12251.6,2428.95,0,2026-08-27T12:23:46.443Z
1787833426443-cd27d734a56658,INFY,SELL,14,1528.8,21403.2,1550.28,-300.72,2026-08-27T12:23:46.443Z
1787833426443-740b53e392b338,KPITTECH,BUY,13,263.55,3426.15,264.94,0,2026-08-27T12:23:46.443Z
1787833426443-ac94b14c30834,INFY,SELL,20,1536.38,30727.6,1550.28,-278,2026-08-27T12:23:46.443Z
1787833426443-495e59e467a7b,INFY,SELL,7,1523.53,10664.71,1550.28,-187.25,2026-08-27T12:23:46.443Z
1787833426443-0cf5abe70e4f7,HINDUNILVR,SELL,5,2449.74,12248.7,2425.98,118.8,2026-08-27T12:23:46.443Z
1787833426443-5399c1f9db721,WIPRO,BUY,13,599.17,7789.21,583.13,0,2026-08-27T12:23:46.443Z
1787833426443-de02d40827071,SGBMAY29,SELL,10,4687.73,46877.3,4712.34,-246.1,2026-08-27T12:23:46.443Z
1787833426443-faef1fc852405,ITC,BUY,2,199.06,398.12,205.46,0,2026-08-27T12:23:46.443Z
1787833426443-244d5f32c7e5,WIPRO,BUY,11,598.39,6582.29,581.29,0,2026-08-27T12:23:46.443Z
1787833426443-d1d320e9a5ea68,TCS,BUY,12,3237.36,38848.32,3200.23,0,2026-08-27T12:23:46.443Z
1787833426443-0d8f486ef62778,INFY,BUY,7,1532.78,10729.46,1550.28,0,2026-08-27T12:23:46.443Z
1787833426443-f4aca54c18657,JUBLFOOD,SELL,20,2974.48,59489.6,3039.07,-1291.8,2026-08-27T12:23:46.443Z
1787833426443-ae9486b6c4d98,WIPRO,SELL,1,599.59,599.59,579.45,20.14,2026-08-27T12:23:46.443Z
1787833426443-93b3a639dd499,QUICKHEAL,BUY,19,316.48,6013.12,310.32,0,2026-08-27T12:23:46.443Z
1787833426442-415385493b05d,KPITTECH,SELL,2,264.5,529,265.47,-1.94,2026-08-27T12:23:46.442Z
1787833426442-846af41e7e3b2,TCS,SELL,4,3241.03,12964.12,3181.67,237.44,2026-08-27T12:23:46.442Z
1787833426442-a03fd8389247d,M&M,BUY,5,811.57,4057.85,781.78,0,2026-08-27T12:23:46.442Z
1787833426442-e99fcf3fa34298,HINDUNILVR,SELL,19,2437.92,46320.48,2425.98,226.86,2026-08-27T12:23:46.442Z
1787833426442-0c748b8cf573a,HDFCBANK,SELL,9,1513.47,13621.23,1526.64,-118.53,2026-08-27T12:23:46.442Z
1787833426442-e68525e82b412,M&M,BUY,8,808.64,6469.12,780.94,0,2026-08-27T12:23:46.442Z
1787833426442-17a5456c4d1fb8,ITC,BUY,18,198.85,3579.3,205.53,0,2026-08-27T12:23:46.442Z
1787833426442-6b634c5aa6fce8,RELIANCE,SELL,14,2012.3,28172.2,2052.56,-563.64,2026-08-27T12:23:46.442Z
1787833426442-30500aafab77a,EVEREADY,BUY,19,330.33,6276.27,319.29,0,2026-08-27T12:23:46.442Z
1787833426442-ac01863dc71e8,RELIANCE,BUY,16,2014.6,32233.6,2052.56,0,2026-08-27T12:23:46.442Z
1787833426442-2d125843aa391,EVEREADY,SELL,12,328.9,3946.8,316.42,149.76,2026-08-27T12:23:46.442Z
1787833426442-b904aaa055e3a8,M&M,BUY,9,809.06,7281.54,779.64,0,2026-08-27T12:23:46.442Z
1787833426442-55a0e200744a5,BHARTIARTL,SELL,14,564.54,7903.56,546.22,256.48,2026-08-27T12:23:46.442Z
1787833426442-a6316e7ab298d,JUBLFOOD,BUY,13,2980.64,38748.32,3039.07,0,2026-08-27T12:23:46.442Z
1787833426442-94f00ec0be08b,TATAPOWER,SELL,1,125.7,125.7,124.26,1.44,2026-08-27T12:23:46.442Z
1787833426442-1c7ee2b206e7e8,ITC,SELL,18,200.2,3603.6,206.31,-109.98,2026-08-27T12:23:46.442Z
1787833426442-6dd4dcc03fd4f,HDFCBANK,BUY,4,1521.52,6086.08,1526.64,0,2026-08-27T12:23:46.442Z
1787833426442-0ed324761935a,JUBLFOOD,SELL,19,2972.72,56481.68,3053.97,-1543.75,2026-08-27T12:23:46.442Z
1787833426442-b2b6f1df6c0f78,BHARTIARTL,BUY,3,564.22,1692.66,546.22,0,2026-08-27T12:23:46.442Z
1787833426442-568447acef32e8,ONGC,SELL,10,117.04,1170.4,116.4,6.4,2026-08-27T12:23:46.442Z
1787833426442-662e86d5f5d4c,TCS,SELL,17,3235.92,55010.64,3181.67,922.25,2026-08-27T12:23:46.442Z
1787833426442-c17b8e250018d8,ONGC,SELL,10,117.71,1177.1,116.4,13.1,2026-08-27T12:23:46.442Z
1787833426442-275577d82aba18,JUBLFOOD,BUY,12,2991.75,35901,3053.97,0,2026-08-27T12:23:46.442Z
1787833426442-2332f2cf5fe2b8,INFY,SELL,11,1528.21,16810.31,1551.29,-253.88,2026-08-27T12:23:46.442Z
1787833426442-449fa9fd217b78,KPITTECH,SELL,6,264.47,1586.82,265.47,-6,2026-08-27T12:23:46.442Z
1787833426442-63af30bb090a5,EVEREADY,BUY,15,327.82,4917.3,316.42,0,2026-08-27T12:23:46.442Z
1787833426442-5e3e017161952,BHARTIARTL,BUY,15,560.46,8406.9,545.51,0,2026-08-27T12:23:46.442Z
1787833426442-ccb204a2c75c,JUBLFOOD,SELL,6,2968.78,17812.68,3066.84,-588.36,2026-08-27T12:23:46.442Z
1787833426442-659c57ed27873,BHARTIARTL,SELL,10,564.84,5648.4,541.83,230.1,2026-08-27T12:23:46.442Z
1787833426442-a2b6f5007f2f5,WIPRO,BUY,9,600.17,5401.53,579.45,0,2026-08-27T12:23:46.442Z
1787833426442-2a0565f77d91c8,JUBLFOOD,BUY,17,2978.39,50632.63,3066.84,0,2026-08-27T12:23:46.442Z
1787833426442-7640f1e43402e,HDFCBANK,BUY,16,1516.4,24262.4,1526.9,0,2026-08-27T12:23:46.442Z
1787833426442-0c1aca6e09e748,INFY,BUY,3,1523.17,4569.51,1551.29,0,2026-08-27T12:23:46.442Z
1787833426442-f6af2fe485aa3,QUICKHEAL,SELL,12,314.65,3775.8,308.76,70.68,2026-08-27T12:23:46.442Z
1787833426442-bb1138e7dfd868,SGBMAY29,BUY,12,4689.08,56268.96,4712.34,0,2026-08-27T12:23:46.442Z
1787833426442-77abe5f438043,KPITTECH,SELL,6,264.82,1588.92,265.47,-3.9,2026-08-27T12:23:46.442Z
1787832852036-98ad51b50fc2c,INFY,SELL,11,1554.01,17094.11,1551.94,22.77,2026-08-27T12:14:12.036Z
1787832852036-0c3c212f9f794,TCS,BUY,2,3167.02,6334.04,3181.67,0,2026-08-27T12:14:12.036Z
1787832852036-8b7c3a014528c,ONGC,BUY,20,115.93,2318.6,116.4,0,2026-08-27T12:14:12.036Z
1787832852036-1cc51557669b28,TATAPOWER,BUY,11,124.37,1368.07,124.26,0,2026-08-27T12:14:12.036Z
1787832852036-b2840d2b294618,ITC,BUY,14,205.87,2882.18,206.31,0,2026-08-27T12:14:12.036Z
1787832852036-0a29b38236dc7,BHARTIARTL,BUY,17,542.97,9230.49,541.83,0,2026-08-27T12:14:12.036Z
1787832852036-c2f1e7a434c938,SBIN,SELL,17,430.17,7312.89,429.9,4.59,2026-08-27T12:14:12.036Z
1787832852036-9d28a78b5727a8,WIPRO,SELL,19,577.08,10964.52,577.47,-7.41,2026-08-27T12:14:12.036Z
1787832852036-be0dc0afee352,ITC,BUY,16,206.78,3308.48,206.35,0,2026-08-27T12:14:12.036Z
1787832852036-bc65a266c9d3d8,HINDUNILVR,BUY,14,2426.32,33968.48,2425.98,0,2026-08-27T12:14:12.036Z
1787832852036-179a56c4655d08,HINDUNILVR,BUY,2,2424.6,4849.2,2425.88,0,2026-08-27T12:14:12.036Z
1787832852036-7ec430bc12fcd,ITC,BUY,6,205.85,1235.1,206.3,0,2026-08-27T12:14:12.036Z
1787832852036-060b0740b4c7d8,QUICKHEAL,BUY,14,307.24,4301.36,308.76,0,2026-08-27T12:14:12.036Z
1787832852036-35c45157b294e,SGBMAY29,SELL,9,4731.03,42579.27,4714.42,149.49,2026-08-27T12:14:12.036Z
1787832852036-bc8c79e436334,HDFCBANK,BUY,16,1532.08,24513.28,1529.52,0,2026-08-27T12:14:12.036Z
1787832852036-0f246139bec678,QUICKHEAL,BUY,14,308.76,4322.64,309.05,0,2026-08-27T12:14:12.036Z
1787832852036-86c0bb89b16f5,HINDUNILVR,SELL,19,2432.36,46214.84,2425.94,121.98,2026-08-27T12:14:12.036Z
1787832852036-fc43c3281ae518,HINDUNILVR,SELL,13,2426.31,31542.03,2425.94,4.81,2026-08-27T12:14:12.036Z
1787832852035-496df7eed551a8,ONGC,SELL,10,116.95,1169.5,116.57,3.8,2026-08-27T12:14:12.035Z
1787832852035-31d5bd6e92cf08,HINDUNILVR,SELL,9,2428.97,21860.73,2425.94,27.27,2026-08-27T12:14:12.035Z
1787832852035-0706024dd166e8,TATAPOWER,BUY,6,123.99,743.94,124.25,0,2026-08-27T12:14:12.035Z
1787832852035-3537a327d492a,QUICKHEAL,BUY,19,309.78,5885.82,309.12,0,2026-08-27T12:14:12.035Z
1787832852035-50011708d1ee4,ITC,BUY,12,205.54,2466.48,206.32,0,2026-08-27T12:14:12.035Z
1787832852035-80b3065a981cb8,JUBLFOOD,BUY,3,3106.53,9319.59,3098.83,0,2026-08-27T12:14:12.035Z
1787832852035-1000165480e668,RELIANCE,BUY,10,2101.71,21017.1,2103.17,0,2026-08-27T12:14:12.035Z
1787832852035-31c02febc169c,SGBMAY29,BUY,15,4728.7,70930.5,4714.42,0,2026-08-27T12:14:12.035Z
1787832852035-1d05e0a2798608,WIPRO,BUY,4,575.36,2301.44,577.47,0,2026-08-27T12:14:12.035Z
1787832852035-4ef109ad2be6e8,BHARTIARTL,BUY,7,541.89,3793.23,541.47,0,2026-08-27T12:14:12.035Z
1787832852035-18355b8fe456c8,SGBMAY29,BUY,14,4718.29,66056.06,4712.75,0,2026-08-27T12:14:12.035Z
1787832852035-7818855cbd885,KPITTECH,BUY,15,265.17,3977.55,265.47,0,2026-08-27T12:14:12.035Z
1787832852035-a939553960ce48,HINDUNILVR,BUY,10,2432.68,24326.8,2425.94,0,2026-08-27T12:14:12.035Z
1787832852035-5ebdb863ef349,SBIN,BUY,3,431.76,1295.28,429.9,0,2026-08-27T12:14:12.035Z
1787832852035-c0af0a270b88d8,BHARTIARTL,SELL,3,543.73,1631.19,541.41,6.96,2026-08-27T12:14:12.035Z
1787832852035-81b9d02e29093,JUBLFOOD,BUY,11,3098.81,34086.91,3098.31,0,2026-08-27T12:14:12.035Z
1787832852035-b464c9811251e,KPITTECH,SELL,15,266.67,4000.05,265.61,15.9,2026-08-27T12:14:12.035Z
1787832852035-be0fcc9b1d3a6,BHARTIARTL,BUY,17,542.31,9219.27,541.41,0,2026-08-27T12:14:12.035Z
1787832852035-53d7e0d4e55bf,JUBLFOOD,BUY,4,3093.93,12375.72,3098.14,0,2026-08-27T12:14:12.035Z
1787832852035-985fdc3bbc67f,WIPRO,BUY,14,579.19,8108.66,577.55,0,2026-08-27T12:14:12.035Z
1787832852035-af151e40ff1988,M&M,SELL,9,776.35,6987.15,778,-14.85,2026-08-27T12:14:12.035Z
1787832852035-d1576adfa8985,TATAPOWER,BUY,18,124.11,2233.98,124.26,0,2026-08-27T12:14:12.035Z
1787832852035-6627073c8e4918,ONGC,SELL,3,117.01,351.03,116.57,1.32,2026-08-27T12:14:12.035Z
1787832852035-0e4c5ecca0b738,TATAPOWER,BUY,7,123.69,865.83,124.28,0,2026-08-27T12:14:12.035Z
1787832852035-626d8b8bb53fb,JUBLFOOD,BUY,12,3096.32,37155.84,3098.72,0,2026-08-27T12:14:12.035Z
1787832852035-2628cd7d19869,RELIANCE,BUY,2,2110.47,4220.94,2110.47,0,2026-08-27T12:14:12.035Z
1787832852035-1fe1ba8e6d3618,ITC,SELL,11,207.11,2278.21,206.4,7.81,2026-08-27T12:14:12.035Z
1787832852035-56632fed0115d,SBIN,SELL,10,428.72,4287.2,429.86,-11.4,2026-08-27T12:14:12.035Z
1787832852035-f863962c0976f,TCS,SELL,7,3188.89,22322.23,3182.35,45.78,2026-08-27T12:14:12.035Z
1787832852035-919c5e8d962f2,JUBLFOOD,BUY,17,3100.42,52707.14,3100.42,0,2026-08-27T12:14:12.035Z
1787832852035-fafc44e4906bf8,INFY,SELL,2,1547.32,3094.64,1551.94,-9.24,2026-08-27T12:14:12.035Z
1787832852035-ef6b3fe17d0dc,QUICKHEAL,SELL,15,310.25,4653.75,308.8,21.75,2026-08-27T12:14:12.035Z
1787832852035-b631ac4c8563d8,HINDUNILVR,SELL,9,2434.05,21906.45,2425.04,81.09,2026-08-27T12:14:12.035Z
1787832852035-f43eb29acc2028,ONGC,SELL,1,116.92,116.92,116.57,0.35,2026-08-27T12:14:12.035Z
1787832852034-1a3a3ced6c2f,ONGC,BUY,10,116.71,1167.1,116.57,0,2026-08-27T12:14:12.034Z
1787832852034-006584296388f8,ITC,BUY,4,206.85,827.4,206.4,0,2026-08-27T12:14:12.034Z
1787832852034-43231576a5ac08,ONGC,BUY,19,116.57,2214.83,116.55,0,2026-08-27T12:14:12.034Z
1787832852034-2e6efcbd7ddc68,INFY,BUY,5,1552.78,7763.9,1551.94,0,2026-08-27T12:14:12.034Z
1787832852034-17b601858a8ac8,SGBMAY29,SELL,2,4692.61,9385.22,4712.07,-38.92,2026-08-27T12:14:12.034Z
1787832852034-107dc88d1152c,BHARTIARTL,BUY,3,544.2,1632.6,540.95,0,2026-08-27T12:14:12.034Z
1787832852034-0e12e060e458c8,EVEREADY,BUY,6,314.45,1886.7,313.98,0,2026-08-27T12:14:12.034Z
1787832852034-eac273ce171848,RELIANCE,SELL,19,2108.49,40061.31,2104.83,29.28,2026-08-27T12:14:12.034Z
1787832852034-774fd9e344f1b,JUBLFOOD,SELL,7,3077.4,21541.8,0,0,2026-08-27T12:14:12.034Z
1787832852034-b3b820e008341,HDFCBANK,SELL,8,1525.11,12200.88,1528.67,-28.48,2026-08-27T12:14:12.034Z
1787832852034-1031242f7c3228,ITC,BUY,5,205.67,1028.35,206.39,0,2026-08-27T12:14:12.034Z
1787832852034-ff8145bceeff6,M&M,BUY,5,777.33,3886.65,778,0,2026-08-27T12:14:12.034Z
1787832852034-96eab54586a73,HDFCBANK,BUY,6,1532.55,9195.3,1528.67,0,2026-08-27T12:14:12.034Z
1787832852034-093f2825b4469,ONGC,SELL,13,116.04,1508.52,116.54,-6.5,2026-08-27T12:14:12.034Z
1787832852034-bf6bd1dcd0924,ITC,BUY,3,206.22,618.66,206.42,0,2026-08-27T12:14:12.034Z
1787832852034-e0179f52dbd8f8,TCS,BUY,2,3179.92,6359.84,3182.35,0,2026-08-27T12:14:12.034Z
1787832852034-d8f1d51308293,RELIANCE,SELL,15,2106.62,31599.3,2104.83,26.85,2026-08-27T12:14:12.034Z
1787832852034-d4c103361db7b,HINDUNILVR,SELL,20,2433.37,48667.4,2425.04,166.6,2026-08-27T12:14:12.034Z
1787832852034-5cada9b8cd3c08,SBIN,BUY,18,428.64,7715.52,429.86,0,2026-08-27T12:14:12.034Z
1787832852034-85e72e964c5748,HINDUNILVR,BUY,16,2416.97,38671.52,2425.04,0,2026-08-27T12:14:12.034Z
1787832852034-682f72a98b8398,SGBMAY29,BUY,6,4693.17,28159.02,4712.07,0,2026-08-27T12:14:12.034Z
1787832852034-cd375b410dd26,ITC,BUY,10,206.71,2067.1,206.43,0,2026-08-27T12:14:12.034Z
1787832852034-629013f1bda08,ONGC,SELL,9,116.15,1045.35,116.54,-3.51,2026-08-27T12:14:12.034Z
1787832852034-d12bba9bf1532,WIPRO,BUY,11,577.05,6347.55,577.31,0,2026-08-27T12:14:12.034Z
1787832852034-512dab0ff0f32,HINDUNILVR,SELL,3,2426.95,7280.85,2426.51,1.32,2026-08-27T12:14:12.034Z
1787832852034-5cb7bd7a94934,SBIN,BUY,11,428.42,4712.62,430.03,0,2026-08-27T12:14:12.034Z
1787832852034-739ec6cc606e48,TCS,SELL,14,3189.55,44653.7,3182.45,99.4,2026-08-27T12:14:12.034Z
1787832852034-ed84e6a8651f18,SBIN,BUY,17,428.72,7288.24,430.18,0,2026-08-27T12:14:12.034Z
1787832852034-5ed3e0608e3eb,SGBMAY29,SELL,14,4705.04,65870.56,4713.1,-112.84,2026-08-27T12:14:12.034Z
1787832852034-b5ace446fd43f,SBIN,BUY,11,431.01,4741.11,430.43,0,2026-08-27T12:14:12.034Z
1787832852034-724d113593801,INFY,BUY,9,1547.29,13925.61,1551.91,0,2026-08-27T12:14:12.034Z
1787832852034-3ee9e2e9492da8,WIPRO,BUY,9,576.4,5187.6,577.34,0,2026-08-27T12:14:12.034Z
1787832852034-f310e758e8cd1,TATAPOWER,SELL,19,123.64,2349.16,124.32,-12.92,2026-08-27T12:14:12.034Z
1787832852034-66d5128001eb48,JUBLFOOD,SELL,20,3100.6,62012,3078.02,429.02,2026-08-27T12:14:12.034Z
1787832852034-0eef7d04a0dda8,WIPRO,BUY,19,578.49,10991.31,577.45,0,2026-08-27T12:14:12.034Z
1787832852034-071a2daa9328a,ITC,BUY,12,206.17,2474.04,206.41,0,2026-08-27T12:14:12.034Z
1787832852034-ea687b53633ff,INFY,BUY,16,1557.48,24919.68,1552.24,0,2026-08-27T12:14:12.034Z
1787832852034-0ad4930ffb3d3,RELIANCE,SELL,10,2101.46,21014.6,2104.83,-33.7,2026-08-27T12:14:12.034Z
1787832852034-a4a4c85e0933c8,SGBMAY29,SELL,8,4718.69,37749.52,4713.1,44.72,2026-08-27T12:14:12.034Z
1787832852034-c3f678306b9138,TATAPOWER,BUY,20,124.14,2482.8,124.32,0,2026-08-27T12:14:12.034Z
1787832852034-0347d890113ca,HINDUNILVR,BUY,16,2429.14,38866.24,2426.51,0,2026-08-27T12:14:12.034Z
1787832852034-cd2e2d4e68b848,M&M,BUY,5,779,3895,778.02,0,2026-08-27T12:14:12.034Z
1787832852034-86167503bb5058,M&M,BUY,1,774.01,774.01,777.99,0,2026-08-27T12:14:12.034Z
1787832852034-ce60725883adb8,QUICKHEAL,BUY,19,308.64,5864.16,308.8,0,2026-08-27T12:14:12.034Z
1787832852034-0aa3d516c62948,RELIANCE,SELL,7,2103.52,14724.64,2104.83,-9.17,2026-08-27T12:14:12.034Z
1787832852034-d4ae2050aa4a48,SBIN,BUY,20,430.46,8609.2,430.36,0,2026-08-27T12:14:12.034Z
1787832852034-80f8793b34e608,HDFCBANK,BUY,6,1528.04,9168.24,1528.2,0,2026-08-27T12:14:12.034Z
1787832852034-2ca0e48a31a498,BHARTIARTL,BUY,8,540.95,4327.6,540.63,0,2026-08-27T12:14:12.034Z
1787832852034-998c236be34498,ITC,SELL,11,206.55,2272.05,206.44,1.21,2026-08-27T12:14:12.034Z
1787832852034-d62285d9a87d,RELIANCE,BUY,7,2115.23,14806.61,2104.83,0,2026-08-27T12:14:12.034Z
1787832852034-309f408e6eff3,TCS,SELL,12,3176.62,38119.44,3182.45,-69.96,2026-08-27T12:14:12.034Z
1787832852034-edb976659e2968,RELIANCE,BUY,12,2101.25,25215,2102.62,0,2026-08-27T12:14:12.034Z
1787832852034-c9e8de1737dd3,HINDUNILVR,SELL,3,2424.51,7273.53,2425.95,-4.32,2026-08-27T12:14:12.034Z
1787832852034-f92d68309e4e18,RELIANCE,SELL,6,2112.62,12675.72,2103.41,55.26,2026-08-27T12:14:12.034Z
1787832852034-e5dec37386ceb,BHARTIARTL,BUY,7,539.5,3776.5,540.52,0,2026-08-27T12:14:12.034Z
1787832852034-4617c14133bac8,BHARTIARTL,BUY,15,541,8115,541,0,2026-08-27T12:14:12.034Z
1787832852034-d9bb8398ce09b,WIPRO,BUY,10,576.87,5768.7,577.1,0,2026-08-27T12:14:12.034Z
1787832852034-18812bfd4a2e68,RELIANCE,BUY,9,2103.38,18930.42,2103.41,0,2026-08-27T12:14:12.034Z
1787832852034-4d716485aa97f,QUICKHEAL,BUY,11,307.25,3379.75,308.89,0,2026-08-27T12:14:12.034Z
1787832852034-5b5d6d94946ed,ONGC,SELL,2,116.11,232.22,116.54,-0.86,2026-08-27T12:14:12.034Z
1787832852034-506ae640cbbaf,KPITTECH,SELL,15,265.22,3978.3,265.61,-5.85,2026-08-27T12:14:12.034Z
1787832852034-c6206d561d2528,EVEREADY,BUY,3,315.98,947.94,313.94,0,2026-08-27T12:14:12.034Z
1787832852034-a846ecca9e5038,ITC,BUY,14,207.38,2903.32,206.44,0,2026-08-27T12:14:12.034Z
1787832852034-eb63a157a8caf8,SGBMAY29,SELL,12,4701.71,56420.52,4713.1,-136.68,2026-08-27T12:14:12.034Z
1787832852034-9af693ef34f388,BHARTIARTL,SELL,7,541.47,3790.29,542.82,-6.75,2026-08-27T12:14:12.034Z
1787832852034-15e7560bd19338,BHARTIARTL,SELL,16,539.93,8638.88,542.82,-46.24,2026-08-27T12:14:12.034Z
1787832852034-51ba3e6db6dff,INFY,BUY,6,1556.65,9339.9,1551.49,0,2026-08-27T12:14:12.034Z
1787832852034-02ec4872e4465,EVEREADY,SELL,11,315.17,3466.87,313.84,14.63,2026-08-27T12:14:12.034Z
1787832852034-2fa83da6d6b3c8,M&M,BUY,15,777.07,11656.05,778.02,0,2026-08-27T12:14:12.034Z
1787832852034-b2ef9c6bae7048,RELIANCE,BUY,2,2098.98,4197.96,2103.42,0,2026-08-27T12:14:12.034Z
1787832852034-8a6592bc88515,HINDUNILVR,BUY,16,2415.29,38644.64,2425.95,0,2026-08-27T12:14:12.034Z
1787832852034-810ad9ab7dc5f8,EVEREADY,BUY,1,313.04,313.04,313.84,0,2026-08-27T12:14:12.034Z
1787832852034-8ebac5813474e,RELIANCE,BUY,6,2099.69,12598.14,2103.98,0,2026-08-27T12:14:12.034Z
1787832852034-695f9937d14d78,JUBLFOOD,BUY,19,3078.02,58482.38,3078.02,0,2026-08-27T12:14:12.034Z
1787832852034-b2eec7c0f3a958,ITC,BUY,10,205.94,2059.4,206.3,0,2026-08-27T12:14:12.034Z
1787832852034-ed031016706fc8,SBIN,BUY,19,430.4,8177.6,430.33,0,2026-08-27T12:14:12.034Z
1787832852034-e913ba70abac08,EVEREADY,SELL,9,315.85,2842.65,313.85,18,2026-08-27T12:14:12.034Z
1787832852034-0898be0cdd8c5,HDFCBANK,SELL,14,1527.26,21381.64,1528.22,-13.44,2026-08-27T12:14:12.034Z
1787832852034-74ae57ea2b2058,SGBMAY29,BUY,20,4708.24,94164.8,4713.1,0,2026-08-27T12:14:12.034Z
1787832852034-82a07bd1389fd,BHARTIARTL,BUY,19,542.88,10314.72,542.82,0,2026-08-27T12:14:12.034Z
1787832852034-235dc35555b0f,HDFCBANK,SELL,9,1531.99,13787.91,1528.22,33.93,2026-08-27T12:14:12.034Z
1787832852034-38d5ba32a0a7c,HDFCBANK,BUY,14,1526.61,21372.54,1528.22,0,2026-08-27T12:14:12.034Z
1787832852034-84f09aedec092,M&M,SELL,2,775.22,1550.44,778.12,-5.8,2026-08-27T12:14:12.034Z
1787832852034-c93fe0acb59b98,TCS,SELL,7,3176.14,22232.98,3182.45,-44.17,2026-08-27T12:14:12.034Z
1787832852033-1199c1b24a3fe,INFY,BUY,19,1547.5,29402.5,1551.2,0,2026-08-27T12:14:12.034Z
1787832852033-e4805eff964ed8,TCS,BUY,1,3194.37,3194.37,3182.45,0,2026-08-27T12:14:12.033Z
1787832852033-27daacaad8f6f,JUBLFOOD,SELL,16,3086.57,49385.12,3101.1,-232.48,2026-08-27T12:14:12.033Z
1787832852033-c539e325ec1f7,SGBMAY29,BUY,2,4698.24,9396.48,4713.88,0,2026-08-27T12:14:12.033Z
1787832852033-e7bd4a65b7336,M&M,SELL,3,778.16,2334.48,778.12,0.12,2026-08-27T12:14:12.033Z
1787832852033-d5500e26e356a,JUBLFOOD,BUY,15,3102.34,46535.1,3101.1,0,2026-08-27T12:14:12.033Z
1787832852033-bdaa1273b2eda,INFY,BUY,20,1549.37,30987.4,1552.01,0,2026-08-27T12:14:12.033Z
1787832852033-fc9133e340c0a8,WIPRO,BUY,4,579.28,2317.12,577.15,0,2026-08-27T12:14:12.033Z
1787832852033-3b85281ae80c08,RELIANCE,SELL,19,2102.82,39953.58,2106.55,-70.87,2026-08-27T12:14:12.033Z
1787832852033-57084f2cd5b828,TATAPOWER,BUY,11,123.93,1363.23,124.35,0,2026-08-27T12:14:12.033Z
1787832852033-28b2aa26bb4298,SBIN,SELL,19,432.24,8212.56,430.3,36.86,2026-08-27T12:14:12.033Z
1787832852033-52f55a806c8508,BHARTIARTL,SELL,15,539.21,8088.15,542.3,-46.35,2026-08-27T12:14:12.033Z
1787832852033-198474273e8b68,JUBLFOOD,SELL,15,3105.62,46584.3,3082.52,346.5,2026-08-27T12:14:12.033Z
1787832852033-aebc5dccf59478,M&M,BUY,17,779.94,13258.98,778.12,0,2026-08-27T12:14:12.033Z
1787832852033-222394c9630a3,INFY,BUY,4,1553.07,6212.28,1552.8,0,2026-08-27T12:14:12.033Z
1787832852033-0c6d6e8dff2e4,WIPRO,SELL,12,575.27,6903.24,576.95,-20.16,2026-08-27T12:14:12.033Z
1787832852033-c7db3ce94571e,M&M,SELL,4,776.22,3104.88,777.89,-6.68,2026-08-27T12:14:12.033Z
1787832852033-ae78bf48fc6178,HINDUNILVR,BUY,7,2437.78,17064.46,2428.7,0,2026-08-27T12:14:12.033Z
1787832852033-bf94125ffbe0b,M&M,SELL,5,778.32,3891.6,777.89,2.15,2026-08-27T12:14:12.033Z
1787832852033-ac518e617acf08,HINDUNILVR,SELL,9,2432.26,21890.34,2427.55,42.39,2026-08-27T12:14:12.033Z
1787832852033-35485b948aec08,KPITTECH,BUY,14,266.01,3724.14,265.61,0,2026-08-27T12:14:12.033Z
1787832852033-fe8292a1f26b5,TATAPOWER,BUY,4,124.8,499.2,124.39,0,2026-08-27T12:14:12.033Z
1787832852033-91ec42df496918,ONGC,BUY,20,117.08,2341.6,116.54,0,2026-08-27T12:14:12.033Z
1787832852033-f9b8036b798bd8,RELIANCE,BUY,8,2116.58,16932.64,2106.55,0,2026-08-27T12:14:12.033Z
1787832852033-6c92148acb79b8,WIPRO,SELL,17,574.54,9767.18,576.95,-40.97,2026-08-27T12:14:12.033Z
1787832852033-7f23406d4d136,QUICKHEAL,BUY,1,309.39,309.39,309.61,0,2026-08-27T12:14:12.033Z
1787832852033-ca68c86cad5578,TATAPOWER,SELL,1,124.16,124.16,124.37,-0.21,2026-08-27T12:14:12.033Z
1787832852033-4890bd31f9611,HDFCBANK,SELL,3,1532.43,4597.29,1528.65,11.34,2026-08-27T12:14:12.033Z
1787832852033-549feeaf720d8,SGBMAY29,BUY,1,4734.12,4734.12,4714.14,0,2026-08-27T12:14:12.033Z
1787832852033-7ffb53989b43d,M&M,SELL,4,774.48,3097.92,777.89,-13.64,2026-08-27T12:14:12.033Z
1787832852033-ff358ce44559a,ONGC,BUY,1,116.94,116.94,116.3,0,2026-08-27T12:14:12.033Z
1787832852033-321ddc4df9b61,BHARTIARTL,SELL,16,541.44,8663.04,542.3,-13.76,2026-08-27T12:14:12.033Z
1787832852033-ae1a7a4556a588,KPITTECH,BUY,14,264.87,3708.18,265.49,0,2026-08-27T12:14:12.033Z
1787832852033-f315fd74bb2ff8,INFY,BUY,9,1556.72,14010.48,1552.78,0,2026-08-27T12:14:12.033Z
1787832852033-e37e2b4e13c848,RELIANCE,SELL,11,2102.35,23125.85,2102.73,-4.18,2026-08-27T12:14:12.033Z
1787832852033-261b62c9b2b1f8,EVEREADY,BUY,5,313.15,1565.75,313.85,0,2026-08-27T12:14:12.033Z
1787832852033-a36d2a1a96fd7,SGBMAY29,BUY,12,4714.1,56569.2,4713.97,0,2026-08-27T12:14:12.033Z
1787832852033-437cb91bd0767,HINDUNILVR,BUY,6,2423.53,14541.18,2427.55,0,2026-08-27T12:14:12.033Z
1787832852033-6ee0dd9bb023,TCS,BUY,20,3181,63620,3182.3,0,2026-08-27T12:14:12.033Z
1787832852033-5ae226fcb3d6a,BHARTIARTL,SELL,16,539.14,8626.24,542.3,-50.56,2026-08-27T12:14:12.033Z
1787832852033-bc6055d910975,TCS,SELL,19,3186.88,60550.72,3182.73,78.85,2026-08-27T12:14:12.033Z
1787832852033-de7cd87fe0eac8,SBIN,BUY,11,429.87,4728.57,430.3,0,2026-08-27T12:14:12.033Z
1787832852033-12d3300b0ec478,WIPRO,BUY,10,575.92,5759.2,576.95,0,2026-08-27T12:14:12.033Z
1787832852033-6252b438e2e06,ITC,SELL,14,206.25,2887.5,206.34,-1.26,2026-08-27T12:14:12.033Z
1787832852033-0098058dc9688,TATAPOWER,SELL,1,123.71,123.71,124.37,-0.66,2026-08-27T12:14:12.033Z
1787832852033-64748a44ad5908,SGBMAY29,BUY,7,4734.86,33144.02,4713.96,0,2026-08-27T12:14:12.033Z
1787832852033-e73a7e550346,SGBMAY29,BUY,19,4716.79,89619.01,4712.53,0,2026-08-27T12:14:12.033Z
1787832852033-cddacab6aa24b8,ONGC,BUY,11,116.77,1284.47,116.29,0,2026-08-27T12:14:12.033Z
1787832852033-031f75561ca898,TATAPOWER,BUY,14,124.34,1740.76,124.37,0,2026-08-27T12:14:12.033Z
1787832852033-65635225d8036,RELIANCE,BUY,5,2097.35,10486.75,2102.73,0,2026-08-27T12:14:12.033Z
1787832852033-b5ed815d9033d,INFY,SELL,14,1559.55,21833.7,1552.12,104.02,2026-08-27T12:14:12.033Z
1787832852033-1e85757b33bbf,WIPRO,BUY,11,578.21,6360.31,577.12,0,2026-08-27T12:14:12.033Z
1787832852033-6c19ca01b72c8,TATAPOWER,BUY,20,123.72,2474.4,124.38,0,2026-08-27T12:14:12.033Z
1787832852033-4b0f73d9ed40d8,TATAPOWER,SELL,1,123.96,123.96,124.58,-0.62,2026-08-27T12:14:12.033Z
1787832852033-0212700785ecf8,WIPRO,SELL,18,577.57,10396.26,576.88,12.42,2026-08-27T12:14:12.033Z
1787832852033-b824976905f43,ONGC,BUY,4,116.22,464.88,116.13,0,2026-08-27T12:14:12.033Z
1787832852033-145b894c2ce7f8,TATAPOWER,BUY,19,124.3,2361.7,124.58,0,2026-08-27T12:14:12.033Z
1787832852033-7bca061b021888,ONGC,BUY,10,116.16,1161.6,116.12,0,2026-08-27T12:14:12.033Z
1787832852033-36041c5834e05,BHARTIARTL,SELL,14,541.57,7581.98,542.3,-10.22,2026-08-27T12:14:12.033Z
1787832852033-1e785d95aca4e8,KPITTECH,BUY,6,264.36,1586.16,265.74,0,2026-08-27T12:14:12.033Z
1787832852033-c45c8db3b4465,SGBMAY29,SELL,17,4718.04,80206.68,4711.56,110.16,2026-08-27T12:14:12.033Z
1787832852033-df452cfd8f7fe8,ITC,SELL,2,205.84,411.68,206.34,-1,2026-08-27T12:14:12.033Z
1787832852033-7912b702d4c52,TCS,BUY,11,3187.51,35062.61,3182.73,0,2026-08-27T12:14:12.033Z
1787832852033-e41159aaa57a,BHARTIARTL,BUY,4,543.55,2174.2,542.3,0,2026-08-27T12:14:12.033Z
1787832852033-2b86b5a13360a,M&M,BUY,12,775.94,9311.28,777.89,0,2026-08-27T12:14:12.033Z
1787832852033-96c1b4df05b3f,M&M,SELL,6,776.65,4659.9,778.07,-8.52,2026-08-27T12:14:12.033Z
1787832852033-77764793741e48,M&M,BUY,4,777.83,3111.32,778.07,0,2026-08-27T12:14:12.033Z
1787832852033-ef8f1d249a198,M&M,SELL,11,773.84,8512.24,778.08,-46.64,2026-08-27T12:14:12.033Z
1787832852033-2fd9fca1ff7d08,QUICKHEAL,BUY,8,309.85,2478.8,309.62,0,2026-08-27T12:14:12.033Z
1787832852033-d58d74c52eaf5,QUICKHEAL,SELL,2,308.08,616.16,309.51,-2.86,2026-08-27T12:14:12.033Z
1787832852033-238be2dcdfaeb8,RELIANCE,SELL,11,2110.16,23211.76,2103.73,70.73,2026-08-27T12:14:12.033Z
1787832852033-b219505834e55,INFY,SELL,7,1558.7,10910.9,1552.12,46.06,2026-08-27T12:14:12.033Z
1787832852033-316ae2f26cd2a8,M&M,SELL,19,775.44,14733.36,778.08,-50.16,2026-08-27T12:14:12.033Z
1787832852033-750cac65623c5,EVEREADY,BUY,7,314.58,2202.06,313.9,0,2026-08-27T12:14:12.033Z
1787832852033-191a251640f95,M&M,BUY,14,780.26,10923.64,778.08,0,2026-08-27T12:14:12.033Z
1787832852033-315d00b8ee9cb8,EVEREADY,SELL,14,314.34,4400.76,313.83,7.14,2026-08-27T12:14:12.033Z
1787832852033-3ddb0718901fb8,M&M,BUY,18,779.5,14031,777.88,0,2026-08-27T12:14:12.033Z
1787832852033-ea815a1083d6a8,TCS,SELL,10,3170.8,31708,3181.96,-111.6,2026-08-27T12:14:12.033Z
1787832852033-526d778912acd8,ITC,BUY,12,206.99,2483.88,206.34,0,2026-08-27T12:14:12.033Z
1787832852033-4d63b976e8d6b,WIPRO,BUY,17,575.59,9785.03,576.88,0,2026-08-27T12:14:12.033Z
1787832852033-acb615769e3008,ITC,BUY,2,207.21,414.42,206.26,0,2026-08-27T12:14:12.033Z
1787832852033-a58b71a9ac9988,HDFCBANK,SELL,12,1526.07,18312.84,1528.65,-30.96,2026-08-27T12:14:12.033Z
1787832852033-3875450b241f08,SGBMAY29,BUY,11,4719.55,51915.05,4711.56,0,2026-08-27T12:14:12.033Z
1787832852033-2010904da7bf68,RELIANCE,BUY,5,2099.47,10497.35,2103.73,0,2026-08-27T12:14:12.033Z
1787832852033-27bced218c2e9,TATAPOWER,BUY,16,124.63,1994.08,124.68,0,2026-08-27T12:14:12.033Z
1787832852033-cb55cd4f187d68,QUICKHEAL,BUY,10,310.02,3100.2,309.51,0,2026-08-27T12:14:12.033Z
1787832852033-cd14b163652a28,RELIANCE,BUY,2,2098.28,4196.56,2104.37,0,2026-08-27T12:14:12.033Z
1787832852033-9f513e95c1a62,WIPRO,BUY,17,579.33,9848.61,577.31,0,2026-08-27T12:14:12.033Z
1787832852033-dcd46f2fd6c7,ITC,SELL,11,205.46,2260.06,206.24,-8.58,2026-08-27T12:14:12.033Z
1787832852033-2eedab70e29b8,TATAPOWER,BUY,19,124.71,2369.49,124.71,0,2026-08-27T12:14:12.033Z
1787832852033-2ebbdbb98b4d98,TCS,BUY,8,3188.54,25508.32,3181.96,0,2026-08-27T12:14:12.033Z
1787832852033-6f3d31886faf3,BHARTIARTL,SELL,10,539.04,5390.4,542.22,-31.8,2026-08-27T12:14:12.033Z
1787832852033-9db22bb16bc6e8,HINDUNILVR,BUY,6,2438.44,14630.64,2427.97,0,2026-08-27T12:14:12.033Z
1787832852033-a79fb13106f71,BHARTIARTL,BUY,15,543.04,8145.6,542.22,0,2026-08-27T12:14:12.033Z
1787832852033-2ab47f4de8f37,HDFCBANK,BUY,19,1532.68,29120.92,1528.65,0,2026-08-27T12:14:12.033Z
1787832852033-016b234764aa88,KPITTECH,BUY,18,265.75,4783.5,266.02,0,2026-08-27T12:14:12.033Z
1787832852033-2af8ef11b19d1,M&M,BUY,11,781.29,8594.19,777.66,0,2026-08-27T12:14:12.033Z
1787832852033-6551cfd81b9bf8,QUICKHEAL,BUY,3,307.32,921.96,308.87,0,2026-08-27T12:14:12.033Z
1787832852033-cad74d982fec98,HDFCBANK,BUY,6,1530.21,9181.26,1527.09,0,2026-08-27T12:14:12.033Z
1787832852033-d1036717452e6,SBIN,BUY,8,428.54,3428.32,430.39,0,2026-08-27T12:14:12.033Z
1787832852033-55eba61f64a868,SGBMAY29,BUY,4,4718.02,18872.08,4710.57,0,2026-08-27T12:14:12.033Z
1787832852033-4b8f80ea0370f,SGBMAY29,BUY,3,4717.27,14151.81,4710.22,0,2026-08-27T12:14:12.033Z
1787832852033-b32eb00fc94888,ITC,BUY,18,206.24,3712.32,206.24,0,2026-08-27T12:14:12.033Z
1787832852033-19e067528bfc18,HDFCBANK,BUY,5,1531.48,7657.4,1526.65,0,2026-08-27T12:14:12.033Z
1787832852032-1a775fc41609e,SBIN,SELL,3,429.61,1288.83,430.7,-3.27,2026-08-27T12:14:12.032Z
1787832852032-13dbf2301e3d8,INFY,SELL,13,1558.95,20266.35,1552.12,88.79,2026-08-27T12:14:12.032Z
1787832852032-5f3939ca58863,KPITTECH,BUY,11,266.45,2930.95,266.45,0,2026-08-27T12:14:12.032Z
1787832852032-93c33f015e1798,ITC,BUY,11,205.46,2260.06,206.24,0,2026-08-27T12:14:12.032Z
1787832852032-777f25de57e9c8,BHARTIARTL,BUY,1,544.16,544.16,541.99,0,2026-08-27T12:14:12.032Z
1787832852032-9d79f46c7ce068,WIPRO,BUY,20,576.08,11521.6,576.3,0,2026-08-27T12:14:12.032Z
1787832852032-1a07a8fea769a8,ONGC,SELL,11,115.94,1275.34,116.1,-1.76,2026-08-27T12:14:12.032Z
1787832852032-220d49fc184be,INFY,BUY,19,1548.87,29428.53,1552.12,0,2026-08-27T12:14:12.032Z
1787832852032-34b88f2352b7c,TATAPOWER,SELL,1,124.72,124.72,124.71,0.01,2026-08-27T12:14:12.032Z
1787832852032-3b9e29e1c2e858,ITC,BUY,15,206.49,3097.35,206.36,0,2026-08-27T12:14:12.032Z
1787832852032-92ff961adabb7,HINDUNILVR,BUY,12,2419.68,29036.16,2426.76,0,2026-08-27T12:14:12.032Z
1787832852032-56bf2734535008,TCS,BUY,17,3175.43,53982.31,3181.21,0,2026-08-27T12:14:12.032Z
1787832852032-bcb23be3e6556,SBIN,BUY,5,429.3,2146.5,430.7,0,2026-08-27T12:14:12.032Z
1787832852032-7b4d37e3e17d2,QUICKHEAL,BUY,5,309.8,1549,309.8,0,2026-08-27T12:14:12.032Z
1787832852032-7f84099795df48,TATAPOWER,BUY,5,124.62,623.1,124.71,0,2026-08-27T12:14:12.032Z
1787832852032-98a8d88251ce9,EVEREADY,BUY,11,313.05,3443.55,313.83,0,2026-08-27T12:14:12.032Z
1787832852032-94dd2626524f6,QUICKHEAL,SELL,5,307.5,1537.5,0,0,2026-08-27T12:14:12.032Z
1787832852032-d81d44cf11c178,ONGC,BUY,17,116.05,1972.85,116.1,0,2026-08-27T12:14:12.032Z
1787832852032-1c056fa9e20058,TCS,BUY,13,3194.49,41528.37,3183.06,0,2026-08-27T12:14:12.032Z
1787832852032-a378060f7564d,QUICKHEAL,SELL,9,309,2781,307.62,5.52,2026-08-27T12:14:12.032Z
1787832852032-0fc09a1d25d1f,QUICKHEAL,BUY,4,307.62,1230.48,307.62,0,2026-08-27T12:14:12.032Z
1787832852032-15d72ce55afc6,HINDUNILVR,BUY,18,2434.28,43817.04,2428.88,0,2026-08-27T12:14:12.032Z
1787832852032-9db366e447c238,WIPRO,SELL,7,577.71,4043.97,576.61,7.7,2026-08-27T12:14:12.032Z
1787832852032-b3e8c8e4603bb8,RELIANCE,BUY,7,2116.25,14813.75,2104.76,0,2026-08-27T12:14:12.032Z
1787832852032-c7b6a162ef2fe,HINDUNILVR,SELL,14,2432.98,34061.72,2424.47,119.14,2026-08-27T12:14:12.032Z
1787832852032-f3c01cbd8c197,M&M,BUY,15,778.42,11676.3,777.33,0,2026-08-27T12:14:12.032Z
1787832852032-47e44f6bfd741,QUICKHEAL,SELL,1,309.29,309.29,308.55,0.74,2026-08-27T12:14:12.032Z
1787832852032-9d37a13352c4d8,WIPRO,BUY,4,577.44,2309.76,576.61,0,2026-08-27T12:14:12.032Z
1787832852032-376eb27c2e023,KPITTECH,SELL,15,266.89,4003.35,265.24,21.45,2026-08-27T12:14:12.032Z
1787832852032-ea7a1c1d6b36f,RELIANCE,BUY,17,2098.82,35679.94,2101.41,0,2026-08-27T12:14:12.032Z
1787832852032-ef960fefed0b7,ITC,BUY,8,206.73,1653.84,206.33,0,2026-08-27T12:14:12.032Z
1787832852032-ce150a43e6d33,TATAPOWER,BUY,10,124.81,1248.1,124.75,0,2026-08-27T12:14:12.032Z
1787832852032-5f4bb8bf6da118,M&M,BUY,6,773.6,4641.6,777.18,0,2026-08-27T12:14:12.032Z
1787832852032-ed5822a9f5b4f8,WIPRO,SELL,1,578.49,578.49,576.42,2.07,2026-08-27T12:14:12.032Z
1787832852032-9b69269c192bd8,SGBMAY29,BUY,16,4704.58,75273.28,4709.96,0,2026-08-27T12:14:12.032Z
1787832852032-7772f55681a5c,KPITTECH,SELL,6,264.44,1586.64,265.24,-4.8,2026-08-27T12:14:12.032Z
1787832852032-51d72cffca4908,TCS,BUY,1,3166.06,3166.06,3179.35,0,2026-08-27T12:14:12.032Z
1787832852032-453ad82f6cbfb,SGBMAY29,SELL,19,4703.9,89374.1,4711.26,-139.84,2026-08-27T12:14:12.032Z
1787832852032-81d35e5781de38,TATAPOWER,SELL,2,123.69,247.38,124.16,-0.94,2026-08-27T12:14:12.032Z
1787832852032-3824e1ceaf5e48,SGBMAY29,BUY,11,4692.52,51617.72,4711.26,0,2026-08-27T12:14:12.032Z
1787832852032-ae26ec1ee6dc4,HDFCBANK,BUY,20,1529.58,30591.6,1526.02,0,2026-08-27T12:14:12.032Z
1787832852032-afddcc672a9bf,BHARTIARTL,SELL,8,543.88,4351.04,541.95,15.44,2026-08-27T12:14:12.032Z
1787832852032-800256395e37b8,INFY,SELL,10,1558.66,15586.6,1553.01,56.5,2026-08-27T12:14:12.032Z
1787832852032-797d699a8afbd,M&M,BUY,17,776.71,13204.07,777.39,0,2026-08-27T12:14:12.032Z
1787832852032-3a4314554b1c78,M&M,BUY,9,778.75,7008.75,777.53,0,2026-08-27T12:14:12.032Z
1787832852032-465dc2b8c68b38,QUICKHEAL,SELL,17,308,5236,308.55,-9.35,2026-08-27T12:14:12.032Z
1787832852032-670eeb84ab5218,INFY,BUY,11,1553.88,17092.68,1553.01,0,2026-08-27T12:14:12.032Z
1787832852032-6ed7b42c822af,JUBLFOOD,BUY,2,3079.68,6159.36,3082.52,0,2026-08-27T12:14:12.032Z
1787832852032-a4b0e5112aa29,BHARTIARTL,BUY,2,544.02,1088.04,541.95,0,2026-08-27T12:14:12.032Z
1787832852032-9d0bad267c583,INFY,BUY,4,1550.55,6202.2,1552.87,0,2026-08-27T12:14:12.032Z
1787832852032-915fe0aa47f9f8,WIPRO,BUY,6,575.49,3452.94,576.42,0,2026-08-27T12:14:12.032Z
1787832852032-2236332dbf13f8,ONGC,SELL,6,116,696,116.17,-1.02,2026-08-27T12:14:12.032Z
1787832852032-44dd950ae7d588,KPITTECH,SELL,3,266.54,799.62,265.24,3.9,2026-08-27T12:14:12.032Z
1787832852032-406e181d97b358,EVEREADY,SELL,20,313.68,6273.6,313.95,-5.4,2026-08-27T12:14:12.032Z
1787832852032-21853c3f5987,HDFCBANK,BUY,18,1522.06,27397.08,1522.06,0,2026-08-27T12:14:12.032Z
1787832852032-f2456d9444e43,HDFCBANK,SELL,19,1524.68,28968.92,0,0,2026-08-27T12:14:12.032Z
1787832852032-6172d6317830d8,INFY,BUY,3,1557.89,4673.67,1553.02,0,2026-08-27T12:14:12.032Z
1787832852032-e759421371a4e8,SGBMAY29,BUY,13,4715.94,61307.22,4714.04,0,2026-08-27T12:14:12.032Z
1787832852032-cc0d658122c548,TCS,BUY,3,3174.75,9524.25,3179.69,0,2026-08-27T12:14:12.032Z
1787832852032-9bbb494abd5298,HDFCBANK,SELL,12,1527.41,18328.92,1526.25,6.96,2026-08-27T12:14:12.032Z
1787832852032-102d296e800e18,RELIANCE,BUY,4,2106.4,8425.6,2107.71,0,2026-08-27T12:14:12.032Z
1787832852032-53dcbdcb3ce49,QUICKHEAL,BUY,18,308.55,5553.9,308.55,0,2026-08-27T12:14:12.032Z
1787832852032-3ecb11a306bb08,JUBLFOOD,BUY,14,3082.92,43160.88,3082.92,0,2026-08-27T12:14:12.032Z
1787832852032-84a9f093559db,M&M,BUY,16,775.39,12406.24,777.38,0,2026-08-27T12:14:12.032Z
1787832852032-8e52ccc245f4f,EVEREADY,BUY,11,313.98,3453.78,313.95,0,2026-08-27T12:14:12.032Z
1787832852032-54babcf4f47f,QUICKHEAL,SELL,19,307.78,5847.82,0,0,2026-08-27T12:14:12.032Z
1787832852032-f96891c166cd78,WIPRO,BUY,9,576.77,5190.93,576.89,0,2026-08-27T12:14:12.032Z
1787832852032-b9bfd906b693f,RELIANCE,BUY,3,2109.46,6328.38,2109.46,0,2026-08-27T12:14:12.032Z
1787832852032-f13221682ff3,M&M,BUY,4,776.3,3105.2,777.92,0,2026-08-27T12:14:12.032Z
1787832852032-f843e474879608,JUBLFOOD,SELL,1,3090.55,3090.55,0,0,2026-08-27T12:14:12.032Z
1787832852032-05c2386a8fc0f8,JUBLFOOD,SELL,18,3100.72,55812.96,3087.99,114.57,2026-08-27T12:14:12.032Z
1787832852032-07911e54c57728,M&M,SELL,19,780.14,14822.66,778.04,39.9,2026-08-27T12:14:12.032Z
1787832852032-2d8f4d952a5798,M&M,SELL,10,774.79,7747.9,778.04,-32.5,2026-08-27T12:14:12.032Z
1787832852032-6788c44332a108,HDFCBANK,SELL,14,1521.16,21296.24,1526.25,-71.26,2026-08-27T12:14:12.032Z
1787832852032-945325b17363a,QUICKHEAL,SELL,13,308.96,4016.48,0,0,2026-08-27T12:14:12.032Z
1787832852032-b66bcac3534c78,EVEREADY,BUY,12,313.35,3760.2,313.95,0,2026-08-27T12:14:12.032Z
1787832852032-14dec85ba44338,RELIANCE,SELL,20,2098.83,41976.6,2104.22,-59.29,2026-08-27T12:14:12.032Z
1787832852032-b9d7fc7f49e2b8,JUBLFOOD,SELL,10,3092.27,30922.7,3087.99,42.8,2026-08-27T12:14:12.032Z
1787832852032-26fc3e32223128,SGBMAY29,BUY,9,4711.75,42405.75,4713.63,0,2026-08-27T12:14:12.032Z
1787832852032-82504bccde7148,M&M,SELL,17,780.25,13264.25,778.04,37.57,2026-08-27T12:14:12.032Z
1787832852032-e75b3b234b9778,TCS,BUY,2,3197.54,6395.08,3180.1,0,2026-08-27T12:14:12.032Z
1787832852032-94f5d6a3958d1,BHARTIARTL,BUY,13,543.27,7062.51,541.88,0,2026-08-27T12:14:12.032Z
1787832852032-5328d90423f32,SGBMAY29,SELL,5,4710.87,23554.35,4713.96,-15.45,2026-08-27T12:14:12.032Z
1787832852032-5d81e0130017c,INFY,SELL,12,1556.95,18683.4,1552.78,50.04,2026-08-27T12:14:12.032Z
1787832852032-80cd939edb243,ITC,BUY,4,205.54,822.16,206.26,0,2026-08-27T12:14:12.032Z
1787832852032-a516cfe137ac3,M&M,SELL,15,775.09,11626.35,778.04,-44.25,2026-08-27T12:14:12.032Z
1787832852032-a1d19f5223a138,INFY,SELL,19,1548.8,29427.2,1552.78,-75.62,2026-08-27T12:14:12.032Z
1787832852032-e6bef0b9db0f5,BHARTIARTL,BUY,14,543.26,7605.64,541.49,0,2026-08-27T12:14:12.032Z
1787832852032-c972676ee8379,HDFCBANK,SELL,14,1526.2,21366.8,1526.25,-0.7,2026-08-27T12:14:12.032Z
1787832852032-6ed98558eb2628,SBIN,SELL,4,429.29,1717.16,430.85,-6.24,2026-08-27T12:14:12.032Z
1787832852032-51d5485eb203a,TATAPOWER,SELL,12,124.01,1488.12,124.16,-1.8,2026-08-27T12:14:12.032Z
1787832852032-79bf04d33141a8,TATAPOWER,BUY,11,124.29,1367.19,124.16,0,2026-08-27T12:14:12.032Z
1787832852032-4e9ff4a5b9a258,BHARTIARTL,SELL,16,539.5,8632,540.72,-19.52,2026-08-27T12:14:12.032Z
1787832852032-b21891ec08c258,HINDUNILVR,BUY,1,2434.25,2434.25,2424.47,0,2026-08-27T12:14:12.032Z
1787832852032-6291b24d39e8d,KPITTECH,BUY,2,265.96,531.92,265.24,0,2026-08-27T12:14:12.032Z
1787832852032-f7a7c1eda1cb38,HDFCBANK,BUY,10,1527.29,15272.9,1526.25,0,2026-08-27T12:14:12.032Z
1787832852032-93942cf2f1cf88,M&M,BUY,13,774.81,10072.53,778.04,0,2026-08-27T12:14:12.032Z
1787832852032-6de07e1f8c872,BHARTIARTL,BUY,3,541.03,1623.09,540.72,0,2026-08-27T12:14:12.032Z
1787832852032-2676761dc3a5c8,ONGC,BUY,13,116.23,1510.99,116.17,0,2026-08-27T12:14:12.032Z
1787832852032-0c39f5d1cf5e,HDFCBANK,BUY,14,1520.51,21287.14,1525.82,0,2026-08-27T12:14:12.032Z
1787832852032-b303fc5f2fb79,EVEREADY,BUY,14,315.75,4420.5,314.05,0,2026-08-27T12:14:12.032Z
1787832852032-8d4e62404430f8,HDFCBANK,BUY,10,1533.26,15332.6,1533.26,0,2026-08-27T12:14:12.032Z
1787832852032-458bac60f02d28,ITC,BUY,5,207.37,1036.85,206.32,0,2026-08-27T12:14:12.032Z
1787832852032-95538b15fc749,ITC,BUY,3,205.62,616.86,206.19,0,2026-08-27T12:14:12.032Z
1787832852032-9d4b4bd7a06ac,M&M,SELL,16,777.18,12434.88,778.45,-20.32,2026-08-27T12:14:12.032Z
1787832852032-678295c2b5e948,WIPRO,SELL,5,577.37,2886.85,577.27,0.5,2026-08-27T12:14:12.032Z
1787832852032-0f9687bd2be5c,RELIANCE,BUY,6,2098.67,12592.02,2104.22,0,2026-08-27T12:14:12.032Z
1787832852032-720d7f076beac8,M&M,BUY,16,780.08,12481.28,778.45,0,2026-08-27T12:14:12.032Z
1787832852031-cf57b15882e018,ITC,BUY,7,206.9,1448.3,206.24,0,2026-08-27T12:14:12.031Z
1787832852031-770f56f7402228,HDFCBANK,SELL,18,1524.28,27437.04,1530.37,-66.99,2026-08-27T12:14:12.031Z
1787832852031-d3a71aa345744,SBIN,BUY,16,432.37,6917.92,430.85,0,2026-08-27T12:14:12.031Z
1787832852031-10fe588309b53,ITC,BUY,6,206.08,1236.48,206.09,0,2026-08-27T12:14:12.031Z
1787832852031-f559d52850ef18,M&M,BUY,5,781.07,3905.35,778.2,0,2026-08-27T12:14:12.031Z
1787832852031-e1d9e6e57a6f1,ITC,BUY,15,205.79,3086.85,206.09,0,2026-08-27T12:14:12.031Z
1787832852031-cde50608feb588,INFY,BUY,20,1558.12,31162.4,1552.78,0,2026-08-27T12:14:12.031Z
1787832852031-609dece9e47c,EVEREADY,SELL,15,314.52,4717.8,313.61,13.65,2026-08-27T12:14:12.031Z
1787832852031-9c40d52267f71,ITC,BUY,9,206.58,1859.22,206.58,0,2026-08-27T12:14:12.031Z
1787832852031-57af11d233f69,ITC,SELL,8,207.31,1658.48,0,0,2026-08-27T12:14:12.031Z
1787832852031-b9701f68f42978,SGBMAY29,BUY,8,4722.08,37776.64,4713.96,0,2026-08-27T12:14:12.031Z
1787832852031-2c50e861648cf,M&M,BUY,6,774.44,4646.64,778.05,0,2026-08-27T12:14:12.031Z
1787832852031-0ec9da0d571af,TATAPOWER,BUY,4,123.82,495.28,123.82,0,2026-08-27T12:14:12.031Z
1787832852031-a80b78d0e92db8,JUBLFOOD,SELL,4,3076.1,12304.4,3087.99,-47.56,2026-08-27T12:14:12.031Z
1787832852031-645d359729274,EVEREADY,BUY,14,313.02,4382.28,313.61,0,2026-08-27T12:14:12.031Z
1787832852031-a2f233dc6e199,RELIANCE,BUY,5,2110.89,10554.45,2110.89,0,2026-08-27T12:14:12.031Z
1787832852031-c3143b03ee8c68,M&M,BUY,4,776.48,3105.92,778.29,0,2026-08-27T12:14:12.031Z
1787832852031-cbeb8e248fba58,BHARTIARTL,SELL,4,539.84,2159.36,540.7,-3.44,2026-08-27T12:14:12.031Z
1787832852031-633f55b4aa85b8,EVEREADY,BUY,11,313.94,3453.34,313.76,0,2026-08-27T12:14:12.031Z
1787832852031-a8b6d685912cf8,HDFCBANK,SELL,1,1521.4,1521.4,1530.37,-8.97,2026-08-27T12:14:12.031Z
1787832852031-b4a40b9e0f049,SBIN,BUY,19,429.8,8166.2,430.14,0,2026-08-27T12:14:12.031Z
1787832852031-db103241eacd78,SGBMAY29,BUY,11,4704.74,51752.14,4712.63,0,2026-08-27T12:14:12.031Z
1787832852031-30fcf6d66800f8,INFY,BUY,18,1552.19,27939.42,1551.3,0,2026-08-27T12:14:12.031Z
1787832852031-2295dbd250c1e,TCS,SELL,5,3180.01,15900.05,3179.07,4.7,2026-08-27T12:14:12.031Z
1787832852031-502a27f7da7618,EVEREADY,BUY,19,313.32,5953.08,313.71,0,2026-08-27T12:14:12.031Z
1787832852031-3caa70e4b0c7b8,BHARTIARTL,BUY,9,544.26,4898.34,540.7,0,2026-08-27T12:14:12.031Z
1787832852031-283e3128817fa8,HINDUNILVR,BUY,20,2421.15,48423,2424.19,0,2026-08-27T12:14:12.031Z
1787832852031-f559e67df6c338,SBIN,BUY,13,432.08,5617.04,430.57,0,2026-08-27T12:14:12.031Z
1787832852031-c433b58f4334f,ONGC,BUY,6,116.03,696.18,116.03,0,2026-08-27T12:14:12.031Z
1787832852031-2c5b875e903368,WIPRO,BUY,8,577.27,4618.16,577.27,0,2026-08-27T12:14:12.031Z
1787832852031-d51593f44a4818,JUBLFOOD,SELL,19,3100.64,58912.16,3087.99,240.35,2026-08-27T12:14:12.031Z
1787832852031-f77e90cc2eadd,WIPRO,SELL,10,576.22,5762.2,578.12,-13.3,2026-08-27T12:14:12.031Z
1787832852031-be69493e06794,HINDUNILVR,SELL,11,2424.06,26664.66,2428.24,-45.98,2026-08-27T12:14:12.031Z
1787832852031-96b23c387bc19,HDFCBANK,BUY,12,1530.37,18364.44,1530.37,0,2026-08-27T12:14:12.031Z
1787832852031-680e2bbe4e1ea,SBIN,SELL,5,430.19,2150.95,420.77,47.1,2026-08-27T12:14:12.031Z
1787832852031-e6467f08c64d8,TATAPOWER,SELL,13,123.86,1610.18,123.63,1.84,2026-08-27T12:14:12.031Z
1787832852031-8c312e43cee228,BHARTIARTL,SELL,8,542.12,4336.96,539.9,17.76,2026-08-27T12:14:12.031Z
1787832852031-b716bfbd2c3bf8,TATAPOWER,BUY,8,123.63,989.04,123.63,0,2026-08-27T12:14:12.031Z
1787832852031-a700b9620fb1d8,WIPRO,BUY,7,578.12,4046.84,578.12,0,2026-08-27T12:14:12.031Z
1787832852031-1bc646921446e,WIPRO,SELL,13,575.81,7485.53,0,0,2026-08-27T12:14:12.031Z
1787832852031-668f11bac2e6d,INFY,SELL,1,1549.86,1549.86,1551.01,-1.15,2026-08-27T12:14:12.031Z
1787832852031-5862b7118eb3,TCS,SELL,1,3187.85,3187.85,3179.07,8.78,2026-08-27T12:14:12.031Z
1787832852031-6ede5a36fc78f8,SGBMAY29,SELL,18,4715.35,84876.3,4714.91,7.92,2026-08-27T12:14:12.031Z
1787832852031-08a68e99aba428,TCS,SELL,13,3175.79,41285.27,3179.07,-42.64,2026-08-27T12:14:12.031Z
1787832852031-f403e0dd8a0a4,SBIN,SELL,6,430.2,2581.2,420.77,56.58,2026-08-27T12:14:12.031Z
1787832852031-7654fd784de48,BHARTIARTL,BUY,16,539.01,8624.16,539.9,0,2026-08-27T12:14:12.031Z
1787832852031-929d3cc449915,JUBLFOOD,BUY,10,3086.74,30867.4,3087.99,0,2026-08-27T12:14:12.031Z
1787832852031-20b480138b1cd8,WIPRO,SELL,20,579.33,11586.6,562.88,180.95,2026-08-27T12:14:12.031Z
1787832852031-71359230df0be,HDFCBANK,SELL,17,1519.7,25834.9,1503.26,82.2,2026-08-27T12:14:12.031Z
1787832852031-39a16c2a264758,JUBLFOOD,BUY,4,3089.29,12357.16,3088.38,0,2026-08-27T12:14:12.031Z
1787832852031-fdfda03b668f2,TCS,BUY,11,3194.74,35142.14,3179.07,0,2026-08-27T12:14:12.031Z
1787832852031-1b224dcfec72c,ONGC,SELL,4,116.35,465.4,0,0,2026-08-27T12:14:12.031Z
1787832852031-723d05f0abe4f,ONGC,SELL,10,117.06,1170.6,115.94,4.48,2026-08-27T12:14:12.031Z
1787832852031-9a601cbaebdb4,WIPRO,SELL,3,573.68,1721.04,562.88,32.4,2026-08-27T12:14:12.031Z
1787832852031-ee48cb2e518a48,ONGC,BUY,4,115.94,463.76,115.94,0,2026-08-27T12:14:12.031Z
1787832852031-92aa0665197238,ITC,SELL,7,206.88,1448.16,207.03,-0.45,2026-08-27T12:14:12.031Z
1787832852031-fa4b54f8f8ab58,ITC,BUY,3,207.03,621.09,207.03,0,2026-08-27T12:14:12.031Z
1787832852031-693ca55281315,EVEREADY,BUY,16,314.34,5029.44,314.01,0,2026-08-27T12:14:12.031Z
1787832852031-742ea887ae531,TATAPOWER,SELL,17,124.59,2118.03,123.93,7.92,2026-08-27T12:14:12.031Z
1787832852031-c35fa8fb08c568,ITC,SELL,1,206.14,206.14,0,0,2026-08-27T12:14:12.031Z
1787832852031-171dc2fd60602,INFY,BUY,8,1554.28,12434.24,1551.01,0,2026-08-27T12:14:12.031Z
1787832852031-9f8ae036802b38,ITC,SELL,5,205.35,1026.75,0,0,2026-08-27T12:14:12.031Z
1787832852031-4f8df9ad1120a,BHARTIARTL,SELL,5,541.12,2705.6,540.34,3.9,2026-08-27T12:14:12.031Z
1787832852031-d16a50c4db2428,KPITTECH,BUY,20,265.17,5303.4,265.17,0,2026-08-27T12:14:12.031Z
1787832852031-41493d3bea73f8,HINDUNILVR,BUY,15,2424.98,36374.7,2428.24,0,2026-08-27T12:14:12.031Z
1787832852031-c89a73a0c9c9d8,RELIANCE,SELL,19,2099.92,39898.48,2111.32,-102.6,2026-08-27T12:14:12.031Z
1787832852031-c5898e05be16d8,M&M,BUY,20,778.11,15562.2,778.37,0,2026-08-27T12:14:12.031Z
1787832852031-df50ea69e0fa4,M&M,BUY,16,775.47,12407.52,778.44,0,2026-08-27T12:14:12.031Z
1787832852031-9904f57b1daf2,ONGC,SELL,17,116.55,1981.35,116.51,0.64,2026-08-27T12:14:12.031Z
1787832852031-ae7e86cf3ccbb8,TCS,BUY,14,3178.59,44500.26,3174.96,0,2026-08-27T12:14:12.031Z
1787832852031-552372483ca97,EVEREADY,SELL,11,313.04,3443.44,313.41,-4.07,2026-08-27T12:14:12.031Z
1787832852031-4ee0716ed6e8e,INFY,BUY,20,1558.77,31175.4,1550.45,0,2026-08-27T12:14:12.031Z
1787832852031-04caacf001775,KPITTECH,SELL,14,265.1,3711.4,266.72,-19.44,2026-08-27T12:14:12.031Z
1787832852031-f4772b3e6245e8,SGBMAY29,SELL,14,4725.38,66155.32,4714.91,146.58,2026-08-27T12:14:12.031Z
1787832852031-b2419d62e70c18,SGBMAY29,BUY,12,4732.65,56791.8,4714.91,0,2026-08-27T12:14:12.031Z
1787832852031-e333c8b5785ec,SGBMAY29,BUY,16,4693.13,75090.08,4711.24,0,2026-08-27T12:14:12.031Z
1787832852031-56f95918491698,BHARTIARTL,BUY,8,539.74,4317.92,540.34,0,2026-08-27T12:14:12.031Z
1787832852031-70dae31b08b9b,KPITTECH,SELL,1,266.84,266.84,266.72,0.12,2026-08-27T12:14:12.031Z
1787832852031-ab8dbec378fef,TCS,SELL,3,3196.15,9588.45,3173.15,69,2026-08-27T12:14:12.031Z
1787832852031-a1338c16933d3,HDFCBANK,SELL,10,1528.43,15284.3,1503.26,251.7,2026-08-27T12:14:12.031Z
1787832852031-a7336a3dfa3c7,EVEREADY,SELL,1,313.62,313.62,313.41,0.21,2026-08-27T12:14:12.031Z
1787832852031-de295edc95bbd,EVEREADY,BUY,18,313.18,5637.24,313.41,0,2026-08-27T12:14:12.031Z
1787832852031-a1eb791a87fc68,ITC,SELL,16,206.78,3308.48,0,0,2026-08-27T12:14:12.031Z
1787832852031-8a19c591df8f5,JUBLFOOD,BUY,2,3102.35,6204.7,3088.25,0,2026-08-27T12:14:12.031Z
1787832852031-806855242f13,KPITTECH,BUY,13,266.72,3467.36,266.72,0,2026-08-27T12:14:12.031Z
1787832852031-ec907119c6484,TATAPOWER,BUY,10,123.83,1238.3,123.93,0,2026-08-27T12:14:12.031Z
1787832852031-c539b4fd2e30b8,KPITTECH,SELL,7,264.79,1853.53,266.64,-1.85,2026-08-27T12:14:12.031Z
1787832852031-f92264b139262,SGBMAY29,BUY,19,4726.04,89794.76,4718.14,0,2026-08-27T12:14:12.031Z
1787832852031-696079e8cd3e98,HDFCBANK,BUY,13,1521.7,19782.1,1503.26,0,2026-08-27T12:14:12.031Z
1787832852031-b3e2d25f859448,HINDUNILVR,BUY,11,2432.69,26759.59,2432.69,0,2026-08-27T12:14:12.031Z
1787832852031-5b5f6dba8d21c8,SGBMAY29,SELL,6,4716.37,28298.22,4711.61,28.56,2026-08-27T12:14:12.031Z
1787832852031-0eeaa0a63a22c,ITC,SELL,13,205.93,2677.09,202,19.65,2026-08-27T12:14:12.031Z
1787832852031-bf0d021a6a35b,HINDUNILVR,SELL,9,2436.27,21926.43,0,0,2026-08-27T12:14:12.031Z
1787832852031-e92249d4176c68,TCS,BUY,11,3180.06,34980.66,3173.15,0,2026-08-27T12:14:12.031Z
1787832852031-49f33891477178,TATAPOWER,SELL,17,124.43,2115.31,124.45,-0.34,2026-08-27T12:14:12.031Z
1787832852031-40f31a7c95393,HINDUNILVR,SELL,13,2432.53,31622.89,0,0,2026-08-27T12:14:12.031Z
1787832852031-f24336a12dd9f8,TCS,BUY,20,3169.35,63387,3169.35,0,2026-08-27T12:14:12.031Z
1787832852031-f4dadf6eddd88,JUBLFOOD,BUY,16,3087.78,49404.48,3087.17,0,2026-08-27T12:14:12.031Z
1787832852031-bcb904ccc5b2d,EVEREADY,SELL,10,315.22,3152.2,314.8,4.2,2026-08-27T12:14:12.031Z
1787832852031-983948314b1a58,RELIANCE,SELL,7,2105.26,14736.82,2111.32,-42.42,2026-08-27T12:14:12.031Z
1787832852031-c89b37197e3cc8,TATAPOWER,BUY,8,124.57,996.56,124.45,0,2026-08-27T12:14:12.031Z
1787832852031-e71dade1f77e7,HINDUNILVR,SELL,15,2427.31,36409.65,2428.46,-14.95,2026-08-27T12:14:12.031Z
1787832852031-653d294b704d68,BHARTIARTL,SELL,1,541.44,541.44,540.51,0.93,2026-08-27T12:14:12.031Z
1787832852031-53cb1b32c145f,BHARTIARTL,BUY,11,541.52,5956.72,540.51,0,2026-08-27T12:14:12.031Z
1787832852031-75e5d81473c95,HINDUNILVR,BUY,13,2428.46,31569.98,2428.46,0,2026-08-27T12:14:12.031Z
1787832852031-700168ed87ede8,KPITTECH,SELL,19,264.6,5027.4,266.64,-38.76,2026-08-27T12:14:12.031Z
1787832852031-4c77f1b1bf83c,INFY,BUY,13,1552.51,20182.63,1544.29,0,2026-08-27T12:14:12.031Z
1787832852031-3e0d0fd11c64f8,M&M,BUY,16,776.86,12429.76,779.35,0,2026-08-27T12:14:12.031Z
1787832852031-803186deb2eeb,KPITTECH,BUY,20,266.64,5332.8,266.64,0,2026-08-27T12:14:12.031Z
1787832852031-35981c5e500fe8,QUICKHEAL,SELL,14,308.85,4323.9,309.78,-0.93,2026-08-27T12:14:12.031Z
1787832852031-6b6cf73370bd3,INFY,BUY,13,1550.97,20162.61,1536.65,0,2026-08-27T12:14:12.031Z
1787832852031-8669191c0b6be,EVEREADY,SELL,12,314.55,3774.6,314.8,-3,2026-08-27T12:14:12.031Z
1787832852031-9a57a9c23702,KPITTECH,SELL,11,265.94,2925.34,0,0,2026-08-27T12:14:12.031Z
1787832852031-be89db4dea59a8,HINDUNILVR,SELL,19,2429.21,46154.99,2414.74,57.88,2026-08-27T12:14:12.031Z
1787832852031-dd548b4ffa941,M&M,BUY,3,776.26,2328.78,780.46,0,2026-08-27T12:14:12.031Z
1787832852030-e2665254922828,QUICKHEAL,SELL,4,308.05,1232.2,309.78,-6.92,2026-08-27T12:14:12.030Z
1787832852030-921517fc8928d8,SBIN,BUY,5,431.48,2157.4,420.77,0,2026-08-27T12:14:12.030Z
1787832852030-efafa2b6c2946,BHARTIARTL,BUY,17,540.15,9182.55,539.93,0,2026-08-27T12:14:12.030Z
1787832852030-63ce6c844413a8,JUBLFOOD,BUY,3,3087.36,9262.08,3086.19,0,2026-08-27T12:14:12.030Z
1787832852030-a2f3adaef07d6,WIPRO,BUY,4,577.19,2308.76,562.88,0,2026-08-27T12:14:12.030Z
1787832852030-a83e82f90b3cf8,QUICKHEAL,SELL,8,309.85,2478.8,309.78,0.56,2026-08-27T12:14:12.030Z
1787832852030-a5d2746ecdcda,TATAPOWER,SELL,8,124.37,994.96,124.37,0,2026-08-27T12:14:12.030Z
1787832852030-713897c1995cc,ONGC,BUY,11,116.54,1281.94,116.51,0,2026-08-27T12:14:12.030Z
1787832852030-d75820c25ad51,TATAPOWER,BUY,19,124.37,2363.03,124.37,0,2026-08-27T12:14:12.030Z
1787832852030-d5e3deb4956b5,WIPRO,SELL,8,577.31,4618.48,557.16,161.2,2026-08-27T12:14:12.030Z
1787832852030-71cb6222dad538,RELIANCE,BUY,8,2113.84,16910.72,2111.32,0,2026-08-27T12:14:12.030Z
1787832852030-e208e870f69ec,M&M,BUY,13,778.34,10118.42,780.84,0,2026-08-27T12:14:12.030Z
1787832852030-eb3b61669dda5,EVEREADY,SELL,13,313.81,4079.53,314.8,-12.87,2026-08-27T12:14:12.030Z
1787832852030-0accf28a011548,KPITTECH,SELL,19,264.41,5023.79,0,0,2026-08-27T12:14:12.030Z
1787832852030-25f3817ed1fa5,HINDUNILVR,SELL,3,2423.63,7270.89,2414.74,26.67,2026-08-27T12:14:12.030Z
1787832852030-8a65670df76b08,TCS,SELL,19,3166.35,60160.65,3180.72,-244.29,2026-08-27T12:14:12.030Z
1787832852030-201a95d72deaf,HINDUNILVR,BUY,6,2427.89,14567.34,2414.74,0,2026-08-27T12:14:12.030Z
1787832852030-1b480444bd9358,SGBMAY29,BUY,10,4716.62,47166.2,4711.61,0,2026-08-27T12:14:12.030Z
1787832852030-1e838b85dcf4e,SGBMAY29,BUY,17,4706.85,80016.45,4708.97,0,2026-08-27T12:14:12.030Z
1787832852030-580d7451d4b7b8,RELIANCE,BUY,8,2108.81,16870.48,2108.81,0,2026-08-27T12:14:12.030Z
1787832852030-f2b6e5885d2b58,KPITTECH,SELL,16,264.25,4228,0,0,2026-08-27T12:14:12.030Z
1787832852030-0eba5e98bc4138,RELIANCE,SELL,12,2107.57,25290.84,2193.7,-86.13,2026-08-27T12:14:12.030Z
1787832852030-a35800ffaaa388,TCS,BUY,16,3189.41,51030.56,3180.72,0,2026-08-27T12:14:12.030Z
1787832852030-8961ffb0ea9c6,KPITTECH,SELL,13,264.86,3443.18,250.3,14.56,2026-08-27T12:14:12.030Z
1787832852030-126e4bb1c54ed,WIPRO,BUY,14,576.55,8071.7,557.16,0,2026-08-27T12:14:12.030Z
1787832852030-99d95640ea9b78,EVEREADY,BUY,20,313.82,6276.4,314.8,0,2026-08-27T12:14:12.030Z
1787832852030-08f5a8416b76e,SBIN,SELL,16,430.43,6886.88,414.07,261.76,2026-08-27T12:14:12.030Z
1787832852030-51b2ede0e689a,QUICKHEAL,BUY,11,309.96,3409.56,309.78,0,2026-08-27T12:14:12.030Z
1787832852030-b42684beecfe78,ONGC,BUY,5,116.45,582.25,116.45,0,2026-08-27T12:14:12.030Z
1787832852030-cb2595d0f71828,JUBLFOOD,BUY,7,3085.69,21599.83,3085.69,0,2026-08-27T12:14:12.030Z
1787832852030-65871f5539fb68,KPITTECH,SELL,4,264.66,1058.64,250.3,57.44,2026-08-27T12:14:12.030Z
1787832852030-1779de4bbd073,EVEREADY,BUY,18,315.88,5685.84,315.88,0,2026-08-27T12:14:12.030Z
1787832852030-df1a1bb324bcf8,TATAPOWER,SELL,17,123.95,2107.15,104.2,98.75,2026-08-27T12:14:12.030Z
1787832852030-fc7d148b5c78f,M&M,BUY,18,779.41,14029.38,782.46,0,2026-08-27T12:14:12.030Z
1787832852030-7ab5d983b314a,SBIN,BUY,20,432.01,8640.2,414.07,0,2026-08-27T12:14:12.030Z
1787832852030-2ef288be5abfd8,QUICKHEAL,BUY,2,308.8,617.6,308.8,0,2026-08-27T12:14:12.030Z
1787832852030-72c29622415378,QUICKHEAL,SELL,11,309.96,3409.56,0,0,2026-08-27T12:14:12.030Z